,id,Artist(s),Title,Acousticness,Danceability,Duration (ms),Energy,Instrumentalness,Key,Liveness,Loudness,Mode,Speechiness,BMP,Time_Signature,Valence
0,6wK4hGSu7eoabTibpljwHh,EZI,Take My Breath Away,0.0741,0.718,158446,0.616,0.00287,8,0.367,-6.598,1,0.0901,102.981,4,0.354
1,3Mx3SHtPOzDoIad9XUiSyM,The Wrecks,Psycho Killer,0.000625,0.508,176776,0.564,0.00497,2,0.0887,-6.885,1,0.0452,134.284,4,0.852
2,2VprRdTmbgyjXnDzHIcfNl,Greta Van Fleet,Rolling In The Deep - Recorded At Spotify Studios NYC,0.00563,0.614,237653,0.474,0.00285,11,0.1,-10.133,0,0.0264,104.987,4,0.388
3,327ncW9qJti3VeO5dtOSMu,HELLYEAH,I Don't Care Anymore,0.000129,0.519,281522,0.973,1.45e-06,5,0.103,-4.22,0,0.049,140.032,4,0.382
4,0I3AULPVegMXTSSWprUH4s,Dead Sara,Heart-Shaped Box,0.00125,0.526,282931,0.801,6.12e-05,4,0.125,-6.202,0,0.0474,101.993,4,0.139
5,3ZwrK4djNjJCNOZknEFtmc,Buckcherry,Say Fuck It,0.000919,0.545,175284,0.836,0.00883,6,0.13,-4.264,1,0.0476,126.079,4,0.595
6,2c4FRqXnna2YeC4lShVONV,John Mayer,Call Me The Breeze,0.424,0.628,205360,0.662,0.252,1,0.0781,-9.731,0,0.0463,174.096,4,0.892
7,7EdDNkvoBL9zW0yVc1cRuU,Van Halen,You're No Good - 2015 Remaster,0.241,0.547,195653,0.742,0.0016,1,0.101,-8.308,0,0.0567,101.254,4,0.375
8,3wQxUfquHLpgHoU6fo8Z50,Weezer,No Scrubs,0.188,0.69,190280,0.798,0.0,8,0.111,-3.347,0,0.039,92.967,4,0.645
9,30KaTTGsHO8z9esyfuJuU6,Godsmack,Come Together,0.000729,0.375,226293,0.839,6.11e-06,9,0.185,-5.546,0,0.0597,177.494,4,0.666
10,4ClGNWLK9vZMBtO0CpnyOE,Disturbed,Land of Confusion,4.44e-05,0.553,287066,0.991,0.0729,8,0.179,-3.703,1,0.0925,114.919,4,0.324
11,0baZSyZzsKSigMmoDno6Uk,Pantera,Cat Scratch Fever,0.00016,0.425,229015,0.94,0.81,4,0.323,-4.475,1,0.0768,128.605,4,0.419
12,2vCnEuoc65PXAdx33Y7syW,Faith No More,War Pigs,0.00126,0.323,465933,0.891,0.019,6,0.243,-7.018,0,0.119,97.391,4,0.236
13,0rOTMSSa6yscfOrGnzfheM,Goldfinger,99 Red Balloons,0.00103,0.285,229173,0.843,0.00037,4,0.327,-7.318,1,0.129,97.051,4,0.282
14,5BmagRD7Thki6O1zZwbxBy,The Ataris,The Boys of Summer,0.000674,0.251,258000,0.954,0.000132,6,0.0975,-2.879,1,0.0691,191.059,4,0.264
15,0AqfCqze5IX4jPYdLrl0Pe,Jack Johnson,Escape (The Pina Colada Song),0.226,0.894,242080,0.466,0.0,9,0.943,-7.794,1,0.061,135.254,4,0.797
16,15rQdS4c80guV3B0s8THJL,Emilíana Torrini,White Rabbit,0.00171,0.51,307106,0.68,0.00332,11,0.146,-8.615,0,0.0315,114.024,4,0.385
17,0rFWuqFgHAfuzE8uSB9TWR,Guns N' Roses,Live And Let Die,0.0106,0.266,182733,0.778,0.113,11,0.12,-8.671,1,0.0624,151.244,4,0.262
18,4cMOsHcTygkVHs12Scxsui,Richard Cheese,Down with the Sickness,0.527,0.701,139573,0.508,0.000337,2,0.674,-7.438,1,0.101,117.779,4,0.517
19,527R1DmNg3FlPa9ibM3qai,"Caitlin Myers,Un3h",Stay with Me,0.2,0.647,310008,0.809,2.76e-06,2,0.0478,-6.875,0,0.0466,108.246,4,0.528
20,1T94tcUfe2X74nriMCAWQa,The Jeff Healey Band,While My Guitar Gently Weeps,0.00151,0.431,315666,0.666,0.00213,7,0.0527,-11.141,1,0.0337,134.777,4,0.619
21,3ARngx4lU4zYSWTiXm4Yag,Grateful Dead,Good Lovin' - 2013 Remaster,0.16,0.699,291342,0.635,0.0218,0,0.161,-10.654,1,0.0387,159.573,4,0.945
22,1tBZnhDT8xbgJTs43FiqrD,"Gerard Way,Ray Toro",Hazy Shade of Winter (feat. Ray Toro),0.00742,0.248,197733,0.937,0.362,5,0.0799,-5.121,0,0.0687,149.796,4,0.142
23,37qLqaDfuNy1KpgtV97UuQ,Skid Row,Little Wing,0.0363,0.343,199533,0.444,0.00545,7,0.0511,-7.757,1,0.0332,132.925,4,0.372
24,4KyPPjKoZVlMihGk94Fc1G,Hugo,99 Problems,0.0357,0.529,137426,0.557,3.93e-05,9,0.0734,-7.762,1,0.0738,162.599,4,0.592
25,6opIwpImZYdxNgG4wpDxED,"John Mellencamp,Meshell Ndegeocello",Wild Night,0.0695,0.665,207506,0.888,0.00147,7,0.104,-4.433,1,0.0552,144.339,4,0.951
26,52XSq4ZU4Wu3IZ2wcaBhhD,Rob Zombie,We’re An American Band,0.000297,0.513,209826,0.991,1.22e-05,1,0.471,-3.267,0,0.0983,120.056,4,0.441
27,307B0j257d72HTyAiohF8N,Judas Priest,Johnny B. Goode,0.181,0.332,279400,0.944,0.000659,4,0.349,-4.842,1,0.0715,156.223,4,0.397
28,0cMnTQQfuL10cHQilKBV3L,"Gregg Bissonette,Paul Taylor,Ronnie James Dio,Stuart Hamm,Yngwie Malmsteen",Dream On,0.00675,0.284,270053,0.615,1.35e-05,5,0.0975,-7.163,0,0.0305,156.054,4,0.247
29,6MjnU3lzNxI9pGz1XECsDw,Steve ´n´ Seagulls,Thunderstruck,0.0341,0.465,226920,0.803,0.0171,9,0.138,-5.92,1,0.0439,151.975,4,0.665
30,2tpPgG8Xkdbhn5xf77EVPP,Creedence Clearwater Revival,I Heard It Through The Grapevine - Edit,0.105,0.917,233066,0.627,0.004,2,0.0588,-8.045,1,0.0407,117.577,4,0.745
31,5XSU59wtE5CRCAEyHmmGy4,Florence + The Machine,Stand By Me,0.841,0.613,245780,0.335,0.000161,9,0.194,-6.791,1,0.0281,108.014,4,0.245
32,1t2SAo6CEXVtyZQCRgPBvG,At Vance,Solfeggietto,0.612,0.157,62800,0.747,0.76,9,0.23,-6.267,0,0.0559,141.754,4,0.794
33,1WE1WsxSqVofH8ugxJkc0c,Motörhead,Heroes,0.000264,0.399,260720,0.971,0.686,6,0.0609,-4.916,1,0.0724,125.026,4,0.244
34,6FCSwETzhnykKYJLIMTewZ,Metallica,Astronomy,0.000157,0.331,397533,0.782,0.0106,3,0.146,-5.624,0,0.0413,85.741,4,0.157
35,3ZPKocroJIcnHGcnJVlLKD,Weezer,Africa,0.205,0.534,238626,0.784,0.00579,8,0.106,-3.59,1,0.0339,92.147,4,0.6
36,1eBUvJSxkVfuLaZneEjsnT,Soil,Black Betty,0.00249,0.589,159800,0.872,2.29e-05,11,0.32,-6.789,0,0.104,128.996,4,0.523
37,13JsYnkF16pHKuOFG6uI1C,Elton John,Lucy In The Sky With Diamonds,0.0889,0.392,377573,0.566,7.6e-05,0,0.0676,-8.127,1,0.0368,164.11,4,0.538
38,5YZXVNIzaJquPCaSCePq98,T-Pain,War Pigs,9.44e-05,0.275,379647,0.888,0.000308,9,0.311,-3.068,1,0.0747,91.536,4,0.239
39,4JwxJm8zCPbc1DMcfVdbBl,Avenged Sevenfold,Wish You Were Here,0.00177,0.572,313918,0.567,0.00793,7,0.0689,-8.432,1,0.0298,130.018,4,0.29
40,4WNtqQQ7K1Ys30l2JtKHDy,Dynamite Hack,Boyz-n-the Hood,0.448,0.683,184490,0.453,0.000283,9,0.284,-7.084,1,0.0443,81.477,4,0.378
41,1xWvxnvzq4c5BVOZOqcmvd,Stevie Wonder,We Can Work It Out,0.0805,0.619,200440,0.574,0.0,8,0.0948,-9.775,1,0.0328,105.35,4,0.766
42,1kq4BX4zZHyr4O5cJGcduh,Guns N' Roses,Hair Of The Dog,0.00559,0.517,234906,0.97,0.0343,8,0.0581,-2.932,1,0.0853,134.336,4,0.601
43,0u6lRvvxbrAYEdkUFKmHp6,"Santana,Chris Cornell",Whole Lotta Love (feat. Chris Cornell),0.0437,0.406,231360,0.988,0.0637,9,0.0664,-2.72,1,0.0926,100.038,4,0.24
44,6Um3XCAxl9YfFmAnGl93xc,The Bobby Fuller Four,I Fought the Law - Single Version,0.105,0.593,138360,0.804,2.22e-06,7,0.047,-5.497,1,0.0319,148.959,4,0.962
45,4bUbgl5yiMEfGFy8CQNnXB,Shinedown,How Did You Love - Acoustic,0.137,0.52,185955,0.457,0.0,2,0.102,-7.877,0,0.0364,185.945,4,0.61
46,4lEIXpVeT8I0NuBs2SgtEY,Peter Frampton,While My Guitar Gently Weeps,0.0418,0.425,414760,0.726,0.0157,7,0.27,-5.438,1,0.0386,113.085,4,0.315
47,6U63nKrxHvM76KOa6kpyfq,Judas Priest,The Green Manalishi (With the Two Pronged Crown),0.000738,0.554,202626,0.79,0.00401,9,0.342,-7.126,1,0.0695,124.336,4,0.598
48,1YxE1cKYJztCvSfpPYS85G,Skindred,Electric Avenue,0.0059,0.654,190853,0.947,0.0,2,0.0851,-4.788,1,0.0761,129.862,4,0.931
49,2aoo2jlRnM3A0NyLQqMN2f,Jimi Hendrix,All Along the Watchtower,0.00255,0.438,240800,0.805,5.69e-05,8,0.0842,-6.237,1,0.0624,113.253,4,0.564
0,4mJDfMcT7odIUjWlb2WO4L,Ed Sheeran,Baby One More Time - Recorded at Spotify Studios New York City,0.189,0.792,177214,0.307,0.0,11,0.0834,-6.224,0,0.0522,104.511,4,0.631
1,2yN5ip7YyR19rmFSygnrOD,Avril Lavigne,Hello – Spotify Singles,0.209,0.406,246527,0.496,0.00348,8,0.0976,-8.834,1,0.0367,164.807,4,0.205
2,4sRoiXZBLpiRIklm2wy0WZ,Kelly Clarkson,Happier Than Ever,0.233,0.361,254725,0.461,0.0,7,0.0971,-6.435,0,0.0599,162.0,3,0.183
3,6MmBZEU7zbWwPP32XJQPoI,Michael Gerow,Rewrite the Stars,0.892,0.398,151446,0.289,0.0,10,0.0762,-7.623,1,0.0364,74.675,5,0.576
4,30QYxvXOJZhGBF6DvpNb8w,Sabrina Carpenter,I Knew You Were Trouble - Spotify Singles,0.401,0.386,233617,0.492,0.0,6,0.17,-6.657,1,0.044,145.961,4,0.215
5,7qF0FfuzBFwMe1lNHkEDxW,Lana Del Rey,"Take Me Home, Country Roads",0.923,0.321,166676,0.151,4.6e-06,9,0.112,-13.295,1,0.0296,74.991,4,0.357
6,7hLkwgguzGRq1rTyA3P9pr,Bakar,A Girl Like You,0.0609,0.866,116852,0.784,0.0508,5,0.127,-6.321,0,0.0411,130.056,4,0.897
7,4guQztGKAETkvuTekNeqBe,Teddy Swims,You're Still The One,0.531,0.546,196413,0.44,2.77e-05,1,0.0959,-6.668,1,0.0273,133.886,4,0.24
8,2UYNxBhod7KpjKEFlmHm2b,"King Henry,Sasha Alex Sloan",Kiss Me,0.392,0.582,235533,0.533,0.456,10,0.11,-7.623,0,0.0295,90.029,4,0.442
9,1DlqQ6itflIyZwOBx5Fppa,Ruel,Call Out My Name,0.125,0.477,226100,0.512,0.0,9,0.217,-8.256,0,0.0393,120.893,3,0.149
10,2CSbx5XAFortinS8hJ3IiC,Natalie Jane,Crazy,0.264,0.556,168421,0.711,0.0,8,0.102,-4.599,1,0.0414,113.801,4,0.267
11,1SoQtOBmEaGLFmzr8e0DCf,Rachel Lorin,Chemical,0.0432,0.601,181058,0.789,2.54e-06,6,0.107,-5.021,1,0.0775,169.761,4,0.171
12,0kIsnEg0TzJTsb6wTVHSeG,Emei,Watermelon Sugar - Spotify Singles,0.668,0.774,129656,0.312,0.00611,11,0.099,-13.629,0,0.116,104.014,4,0.39
13,4nNjUrfMmKz8x367DDoSKR,Capital Cities,Nothing Compares 2 U,0.0181,0.714,253833,0.51,0.00607,10,0.0963,-7.021,0,0.0417,122.99,4,0.481
14,1WM80A5a4xDtlndjqjZQIv,Chromatics,Girls Just Wanna Have Some,0.175,0.667,223236,0.629,0.116,0,0.0915,-8.493,1,0.0324,115.002,4,0.455
15,6DGujQojYKebtgnq9SGT0B,"Bright Light Bright Light,808 BEACH",Too Funky,0.00284,0.566,225900,0.714,0.0,2,0.0874,-6.506,1,0.12,200.136,4,0.671
16,0jeKnrCAOZRMf7w9hdVHUe,Miley Cyrus,Psycho Killer,0.00177,0.552,224826,0.886,0.0,0,0.296,-6.858,1,0.239,124.092,4,0.429
17,10wk4XQdba4QpHgFb28Ktk,Lewis Capaldi,drivers license - Spotify Singles,0.845,0.543,262544,0.23,0.0,4,0.11,-12.532,1,0.0417,127.357,4,0.307
18,5bE0T0e4BrW8zhlwGR9vWD,dee holt,Torn,0.659,0.439,205806,0.425,0.0,4,0.111,-6.375,1,0.0313,93.143,4,0.192
19,11A8jtMu8WKkLeq6CpZNsl,Arkells,Dancing On My Own,0.000343,0.545,230293,0.879,0.00016,2,0.375,-3.727,1,0.0483,134.91,4,0.484
20,2GSLoT7abyYGchSSDCpWEI,Tate McRae,Heather - Spotify Singles,0.886,0.569,190652,0.271,0.0,10,0.103,-10.969,1,0.0271,91.888,4,0.352
21,5YM7Ae4VUe7LNtvCcYpUcA,Kylie Cantrall,Boo'd Up,0.165,0.538,227545,0.679,0.0,3,0.0755,-7.841,1,0.0637,165.146,4,0.367
22,4TQLfbI12rrIVxOeWIr6gI,thủy,so into you - Spotify Singles,0.473,0.872,173482,0.495,3.61e-06,8,0.146,-7.347,0,0.0598,92.023,4,0.845
23,0z0kUUd2jPQiI2Ob8VXajc,"Niall Horan,Anne-Marie",Everywhere (BBC Children In Need),0.0492,0.638,171413,0.91,0.00511,6,0.137,-2.1,0,0.0402,115.016,4,0.539
24,2Q1f6exzZ9iYrv4IICnzVx,Kelsea Ballerini,Lost In Japan - Recorded at Sound Stage Studios Nashville,0.76,0.622,199914,0.503,0.0,0,0.434,-8.783,1,0.122,94.777,4,0.58
25,0eMGIcWRTh8mYD9DNPjdo3,Paravi,we can't be friends (wait for your love) - Spotify Singles,0.721,0.382,245233,0.234,2.88e-06,9,0.272,-14.488,1,0.0318,95.453,4,0.34
26,4FG5dNlurEtZ84kCTg5YLA,"Jacob Collier,John Legend,Tori Kelly",Bridge Over Troubled Water (feat. John Legend & Tori Kelly),0.883,0.153,352106,0.291,1.08e-05,8,0.207,-8.088,1,0.0296,84.16,3,0.117
27,10UTmRvoroe6eZ3ViwkpbN,Billianne,Simply The Best,0.943,0.593,173571,0.193,4.79e-05,11,0.106,-11.81,1,0.0378,139.936,4,0.315
28,4YutJsNwBBInE8vemufpQ8,Harry Styles,"Girl Crush - Recorded at Metropolis Studios, London",0.658,0.468,243804,0.197,0.0,4,0.109,-11.727,1,0.033,144.212,3,0.249
29,4oXlgp2uT03EKeBf0Jl0VA,Ellie Goulding,Fields Of Gold,0.909,0.381,224850,0.262,0.0,9,0.0816,-8.097,1,0.0296,168.834,4,0.377
30,5eGX87IiKsGuzS3iw4CfCX,Taylor Swift,September - Recorded at The Tracking Room Nashville,0.412,0.641,187823,0.444,0.00121,6,0.179,-6.482,1,0.0239,107.081,4,0.588
31,0vzv4fNNHbkVCTVGQwxxGw,Kacey Musgraves,Fix You,0.871,0.524,141160,0.303,4.84e-06,3,0.0922,-8.879,1,0.0308,143.075,4,0.183
32,4rf444Z5dWQd6Jg5okkpZl,Troye Sivan,Better Now - Recorded At Spotify Studios NYC,0.269,0.669,230306,0.563,0.0,7,0.114,-8.37,1,0.0334,130.01,4,0.487
33,41cpvQ2GyGb2BRdIRSsTqK,Frank Ocean,Moon River,0.877,0.24,188323,0.116,0.00092,0,0.1,-13.216,1,0.0329,77.349,3,0.0937
34,2fyn9gJRCGG6o2u3EIGBjg,Towa Bird,Time to Pretend - Spotify Singles,0.0103,0.544,243035,0.813,0.00387,4,0.232,-9.1,1,0.0434,104.982,4,0.434
35,7j8FDy7eI1TommLedXXdHz,Pentatonix,Creep,0.226,0.333,147000,0.379,0.0,3,0.0902,-10.545,1,0.0414,102.236,3,0.132
36,6WOCRPBxJqRhOyfLygAOJ5,"HAPPIE,The Human Experience",Africa,0.228,0.553,220397,0.464,0.136,7,0.093,-11.376,1,0.0643,87.952,4,0.0689
37,7JBWagcdXEX1dDZTCKUo7R,Sasha Alex Sloan,As It Was - Spotify Singles,0.845,0.529,206187,0.174,0.0,9,0.0567,-13.751,1,0.0373,136.112,4,0.311
38,2BOqDYLOJBiMOXShCV1neZ,Calum Scott,Dancing On My Own,0.837,0.681,260285,0.174,3.35e-05,1,0.0983,-8.745,1,0.0315,112.672,4,0.231
39,0cgFnx6yIVv3RrqXlZTiGZ,Smith & Thell,I Wanna Dance With Somebody - Who Loves Me,0.038,0.593,203538,0.787,0.0,2,0.194,-6.429,1,0.0327,125.957,4,0.507
40,2vaxUyVWNoA2L272YHEy70,Zara Larsson,Lay All Your Love On Me - Spotify Singles,0.376,0.691,161125,0.409,0.000224,4,0.145,-10.144,1,0.0376,124.994,4,0.21
41,0Oqc0kKFsQ6MhFOLBNZIGX,Lana Del Rey,Doin' Time,0.404,0.641,202192,0.559,0.00402,7,0.0937,-11.132,0,0.0355,144.982,4,0.523
42,2xbuycY0MolcTZGENc4PuK,Hozier,Say My Name - Recorded at Spotify Studios NYC,0.52,0.607,267413,0.462,1.83e-05,0,0.229,-8.383,1,0.0551,117.41,4,0.376
43,6yBVp6DFh899CRaKww95Hr,Katelyn Tarver,The Only Exception,0.832,0.448,262066,0.191,0.0,3,0.0993,-10.958,1,0.0453,84.481,4,0.19
44,3GWaFFi6TlPcZLYmCCHZ9O,Stephen Dawes,Teenage Dream,0.411,0.622,178000,0.375,0.0,10,0.0812,-9.069,1,0.0279,111.968,4,0.221
45,4LnBzQTbIJ3rCdXxs44R9S,Danielle Bradbery,God Is A Woman - Yours Truly: 2018,0.941,0.552,217773,0.394,3.24e-06,3,0.0655,-5.795,0,0.0305,137.941,4,0.321
46,5U8frcz1zLfKDX5sDTpsnV,Anna of the North,Believe,0.852,0.395,252716,0.332,0.0169,7,0.104,-9.503,1,0.0262,95.089,4,0.0493
47,4NfjZe19Gsnm4pto3oJ8zb,Betty Who,RUNNING UP THAT HILL,0.121,0.707,199841,0.69,9.73e-05,9,0.103,-7.419,0,0.0682,112.011,4,0.712
48,7IcdktV2A60dCm8nQpm6JN,Becky Hill,Forever Young,0.915,0.338,178284,0.276,0.0,8,0.107,-7.246,0,0.0402,190.773,3,0.427
49,2xKy8HbpMFgHV2xZhpQf12,Conor Maynard,You Broke Me First,0.852,0.397,160942,0.274,0.0,2,0.108,-7.475,1,0.0315,113.013,4,0.2
50,7rLokcIMP9p8fl0iROdVfC,Alicia Keys,ocean eyes - Recorded Live at Jungle City Studios,0.934,0.353,184548,0.148,0.0,7,0.112,-13.108,1,0.0421,88.203,5,0.297
51,4FCNizKAqQ0JDx9ZWDEt1Z,Kacey Musgraves,Can't Help Falling in Love,0.951,0.317,168266,0.15,9.28e-05,9,0.113,-17.433,1,0.0323,45.306,3,0.228
52,7wIYDzWW82O6Rc4vGuzjND,Dua Lipa,"I'm Not the Only One - Live from Spotify, London",0.861,0.455,195840,0.265,0.0,5,0.685,-8.468,1,0.0491,176.036,4,0.324
53,6vQCNDNbA0DQoSPftbzS1W,Lennon Stella,Time After Time - Spotify Singles,0.514,0.647,219648,0.4,0.000719,0,0.0846,-9.449,1,0.0292,127.989,4,0.417
54,2JtSnwYNKOphDrshYL8n4p,Alessia Cara,I'm Like A Bird - Recorded at Spotify Studios NYC,0.238,0.524,219960,0.639,0.0,10,0.0598,-7.18,1,0.103,87.998,4,0.582
55,6NX2uPsnjyEVaHo3x3GSSR,Ethel Cain,Everytime - Spotify Singles,0.345,0.453,234753,0.351,0.0,0,0.131,-10.066,1,0.0258,94.918,4,0.163
56,0UV2btQxu47HidfjAaM6f8,Mallrat,Fade into You,0.0329,0.311,252596,0.326,0.00288,9,0.0987,-10.79,1,0.0318,156.702,3,0.23
57,7cpCU3Denug5NGZsSpQl8v,John Mayer,XO,0.749,0.431,213626,0.377,0.0,2,0.211,-9.753,1,0.0288,173.67,4,0.353
58,6wK4hGSu7eoabTibpljwHh,EZI,Take My Breath Away,0.0741,0.718,158446,0.616,0.00287,8,0.367,-6.598,1,0.0901,102.981,4,0.354
59,0830WmzxBqOp9C93j8m9sN,LANY,Sign Of The Times - Spotify Studios NYC,0.0472,0.619,319750,0.394,0.02,5,0.1,-9.747,1,0.0444,124.0,4,0.123
60,5dsk3uLRghh1WmuN21LEW8,Benjamin Ingrosso,All Night Long (All Night) - Recorded at Spotify Studios Stockholm,0.0111,0.648,188166,0.719,0.000201,8,0.117,-7.101,0,0.0502,112.049,4,0.716
61,73dLCr0dOQ9hORkFfvJjoK,Adam Lambert,Ordinary World,0.797,0.233,200171,0.406,0.0,2,0.107,-6.803,0,0.0323,88.097,5,0.0692
62,20AJoXd1SjRLmoyCNFjAKm,Amanda Jackson Band,Don't Dream It's Over,0.738,0.711,263800,0.195,0.0,2,0.0893,-13.206,1,0.037,129.941,4,0.191
63,4blEH2R5HZHTsZapNlvApV,Patrick Droney,Wrecking Ball,0.162,0.585,213706,0.654,0.0152,11,0.0888,-6.255,1,0.0354,121.026,4,0.305
64,0m0Tv8qRoePqoWmU2Py5Gk,COSIMA,Nothing Compares 2 U,0.737,0.264,259866,0.118,1.13e-05,3,0.161,-8.529,1,0.0341,171.719,4,0.133
65,3FZl7oNIPiYVfE59uVmPDU,Milow,Ayo Technology,0.393,0.777,213945,0.644,0.0,11,0.0878,-8.071,0,0.0395,128.05,4,0.758
66,72PMRGgYB1mkY3TsUJZtyc,Yael Naim,Toxic,0.59,0.62,267226,0.291,0.000104,8,0.0665,-11.858,1,0.0567,120.02,4,0.187
67,3SawmGBjjq8EOYZJV11cJm,Post Malone,Only Wanna Be With You - Pokémon 25 Version,0.00124,0.47,241360,0.709,0.00121,7,0.302,-4.563,1,0.0299,98.036,4,0.247
68,6AGOKlMZWLCaEJGnaROtF9,Ritt Momney,Put Your Records On,0.0563,0.399,210463,0.491,0.00089,6,0.11,-10.778,0,0.0538,91.066,4,0.151
69,2DWteQehd27R6qkJdHFggd,John Legend,By Your Side,0.878,0.336,278226,0.278,0.0,10,0.102,-7.273,1,0.0479,72.982,4,0.321
70,5iuWWNhVwmcbSJ5qTuYd9H,Lennon Stella,Thank You,0.928,0.493,216110,0.11,9.81e-06,11,0.11,-9.766,1,0.0374,135.957,4,0.145
71,1xN885vrS6dd9xfKXAgg4F,Jenevieve,Against All Odds,0.456,0.624,201506,0.449,0.000223,4,0.274,-8.039,1,0.0293,124.87,4,0.401
72,7lcUx8bgiwGEn0BHNo3O31,Lissie,Dreams - Piano Version,0.921,0.562,274992,0.187,0.0,0,0.0813,-9.156,1,0.0313,117.59,4,0.199
73,5My4LtZW8JQJoKFDWodqIt,Shawn Mendes,Use Somebody - Recorded at Spotify Studios NYC,0.35,0.366,176586,0.519,0.0,5,0.145,-6.066,1,0.0331,124.632,4,0.308
74,1JN2dN2AVW0EfJMhXniTLi,Maude Latour,Kids in America (From the Netflix Film Do Revenge),0.0734,0.455,194595,0.919,2.27e-06,11,0.188,-4.798,0,0.0865,163.041,4,0.652
75,4yyHCYD1ZmeIXEEbvLjCqh,Katy Perry,All You Need Is Love,0.333,0.25,206138,0.515,0.0,11,0.102,-7.865,1,0.0571,199.967,4,0.39
76,2GSzaHXWxiHCo0pk0uOOpE,Madison Rose,True Colors (Spotify Singles),0.0241,0.58,200655,0.683,0.0,0,0.207,-4.996,1,0.0436,121.997,4,0.49
77,6ClEErrTmd3GzRqGiCEC8G,Anne-Marie,"Leave (Get Out) - Recorded at Metropolis Studios, London",0.853,0.484,195920,0.381,0.0,2,0.119,-6.815,0,0.0541,169.506,4,0.644
78,3Wrjm47oTz2sjIgck11l5e,Måneskin,Beggin',0.127,0.714,211560,0.8,0.0,11,0.359,-4.808,0,0.0504,134.002,4,0.589
79,5THybCnLJJ6yELeignV078,Mint Simon,You Get What You Give,0.0222,0.701,217043,0.657,1.38e-06,11,0.0637,-7.54,0,0.0368,115.005,4,0.819
80,2le3X2fuJk9J3tUav1yqT2,Mira Housey,Flowers,0.135,0.783,165120,0.543,0.0,10,0.111,-7.955,0,0.0349,124.959,4,0.643
81,5c0z1ccAIoZl1okUhiqNOc,Ben Abraham,In Your Eyes,0.903,0.44,329086,0.453,1.34e-05,1,0.112,-7.556,1,0.0392,90.214,4,0.352
82,2kgnKo9QCHpohSPxkDStLy,Madison Cunningham,In My Life,0.893,0.609,176320,0.143,0.0,8,0.156,-12.388,1,0.0282,87.153,4,0.189
83,1CBD8aOExhsuPedP2P0wVi,Olly Alexander (Years & Years),It's A Sin,0.898,0.497,192078,0.333,0.0,0,0.153,-5.222,0,0.0399,67.143,4,0.207
84,37mbA1RwYja7WFaIOzSczX,NIKI,You'll Be In My Heart - Spotify Singles,0.0572,0.487,241776,0.611,0.00104,9,0.125,-8.757,1,0.0389,187.56,4,0.621
85,5qizUaJepbFJ5qGZyuyQim,Josef Salvat,Diamonds,0.349,0.489,247200,0.368,0.00071,11,0.11,-8.359,0,0.043,82.462,4,0.245
86,5gAYEvsJZ7nFC220oB5DAv,Kate McGill,Wouldn't It Be Nice,0.7,0.656,152181,0.261,0.0,7,0.119,-11.743,0,0.0346,82.593,3,0.273
87,4BAlcJ34coNhGeUNfR2qop,Sara Kays,Fireflies,0.824,0.363,185714,0.61,1.34e-05,4,0.145,-6.935,1,0.0493,81.392,4,0.503
88,7aW7NJWNPSNOMGRUCmIody,Thunder Jackson,Take On Me,0.348,0.663,146533,0.532,0.000519,7,0.0946,-5.325,1,0.0367,125.009,4,0.277
89,2Wv0DfptASwsdOVKtyLJua,why mona,Kiss Me,0.185,0.443,148514,0.501,0.0,0,0.142,-8.513,0,0.041,101.385,4,0.149
0,7tY1VsxEz6OGN3FkUMN2MU,Modern Space,High by the Beach,0.0496,0.661,217812,0.764,0.0,1,0.635,-5.353,1,0.0473,138.023,4,0.822
1,5cnPBp42sCF1GrN0GsPhQM,Jenny Owen Youngs,Hot In Herre,0.582,0.623,256120,0.554,1.45e-06,7,0.0725,-7.441,1,0.0252,87.973,4,0.749
2,4eTnFWS7Bi5ds9SVTxakAJ,SOAK,Immigrant Song,0.624,0.214,140358,0.452,0.00905,4,0.105,-11.429,1,0.0468,199.785,4,0.0385
3,0uuv52czua1tFbkUtreOrM,"Wrongchilde,Morgan Kibby",Love Is a Battlefield (feat. Morgan Kibby),0.0888,0.476,253880,0.536,0.000244,2,0.128,-6.925,0,0.0315,115.061,4,0.089
4,2oxMa9gOociOuL8Dl3ba90,Branches,Somebody to Love,0.00582,0.584,222500,0.428,0.0,4,0.0707,-8.075,1,0.0275,127.097,4,0.211
5,2G2WlObIWQarFpjFISSxMX,High Highs,A Real Hero,0.0656,0.475,197326,0.915,0.805,5,0.0845,-6.55,1,0.058,127.974,4,0.465
6,3fNuoybebaufvtFBo5TDWO,Florence + The Machine,Addicted To Love,0.0767,0.548,199386,0.716,1.66e-06,2,0.0873,-5.756,1,0.0706,110.085,4,0.356
7,27H7ftAZmkbROLZuqHZ4QD,Cœur De Pirate,Last Kiss,0.854,0.61,218133,0.437,0.602,7,0.0914,-8.379,1,0.0242,106.004,4,0.171
8,2NAI2RvsLSELvMnl2aiwsf,Nouela,Black Hole Sun,0.952,0.354,275966,0.105,2.84e-05,6,0.0838,-14.765,0,0.0458,85.159,4,0.0724
9,4VX5UChOvUZunwat3obe6t,Colouring,I Heard It Through The Grapevine,0.363,0.314,229746,0.601,0.0025,11,0.147,-7.766,0,0.0417,159.833,4,0.174
10,6be7ayAisA8dldqvjrAgBn,VÉRITÉ,Sober,0.351,0.608,235939,0.587,0.0326,0,0.162,-8.234,1,0.0843,89.976,4,0.552
11,3fc83acpdWrjLYE3wYgpHO,Gallant,Learn To Fly,0.789,0.363,163250,0.358,0.000175,1,0.116,-11.055,0,0.0415,124.041,4,0.176
12,6lctV3jrO0GLxXZtZIekzh,Devon Baldwin,Ring of Fire,0.561,0.35,169670,0.448,0.00159,4,0.101,-11.108,0,0.0464,108.215,4,0.205
13,3wAW1vIrWxUmJajU9tl0AP,Local Natives,Ultralight Beam,0.94,0.469,175629,0.0994,0.0,3,0.0764,-12.503,1,0.0538,73.581,3,0.209
14,5GAUvLFIl3Dn4AaPOTkxIx,Lynn Olsen,Are You That Somebody,0.619,0.562,219030,0.382,0.000136,2,0.0892,-11.197,0,0.0619,127.225,4,0.04
15,28GvsSMbKm5zmaB6j7DJII,SOAK,Digital Witness,0.812,0.542,200809,0.436,0.0,5,0.0933,-9.412,1,0.0305,113.978,4,0.234
16,5mOmBubZnYIy9EgMZFlDlZ,AWOLNATION,I'm On Fire - From Fifty Shades Of Grey Soundtrack,0.795,0.438,154360,0.379,0.922,9,0.119,-13.802,1,0.0293,159.064,4,0.165
17,1JPgqiQrBREyuJTnbL7ON0,The Bros. Landreth,How Deep is Your Love,0.8,0.858,248590,0.16,6.08e-06,7,0.0901,-12.982,0,0.0532,110.078,4,0.574
18,3s5HZY2OntlppCPeWQfzp0,Hannah Peel,Tainted Love,0.945,0.681,149250,0.213,6.92e-06,5,0.323,-11.954,1,0.0512,120.818,4,0.458
19,2u6IAPdDmvp3RPbrGdDX8U,Chet Faker,No Diggity,0.68,0.574,221533,0.765,0.00105,2,0.116,-4.797,0,0.227,160.071,4,0.471
20,4YTNDJoBIWs9MewmZ8l9JE,Cassandra Jenkins,Wild World,0.238,0.499,231517,0.304,0.00102,2,0.162,-12.136,1,0.0334,119.452,4,0.141
21,7bBeoRnZCjrCvyaXadbDnJ,Masquer,"Bills, Bills, Bills",0.207,0.525,249866,0.703,8.34e-06,2,0.128,-4.288,0,0.0371,96.096,4,0.225
22,6OwDUCgzQOIVcjHA5PBb15,MØ,Say You'll Be There,0.626,0.635,233413,0.467,0.0,9,0.118,-7.047,1,0.0297,99.978,4,0.405
23,3YYwrOdeMEvmHBWHJ0TmB6,Lorde,Swingin Party,0.92,0.337,222362,0.245,2.56e-05,10,0.119,-13.442,1,0.0384,107.472,4,0.107
24,3SVWx5xHN26hzjzrgQIqFT,Fjord,"Hey Hey, My My",0.552,0.53,243066,0.775,0.242,8,0.0856,-6.33,0,0.0347,135.943,4,0.193
25,0dz9cFDDSyj2VFqzXkzmx1,Owlle,She's Not There - (The Zombies cover),0.686,0.412,175626,0.494,0.00596,0,0.123,-9.187,1,0.0319,114.888,4,0.0372
26,4svjRFLes5Y31vfd8b8qet,"Flock of Dimes,Sylvan Esso",Don't Dream It's Over,0.0361,0.443,203498,0.637,0.00516,3,0.056,-7.479,1,0.0638,82.475,4,0.486
27,4cRPXadQRylHEWmQJ02fIc,"Roman GianArthur,Janelle Monáe",No Surprises (feat. Janelle Monáe),0.258,0.642,244173,0.675,0.335,5,0.11,-8.19,1,0.107,82.513,4,0.265
28,7FfEsloIP1kSFqkZL7922N,DENM,Hey Ya,0.872,0.451,224436,0.414,0.0,4,0.16,-6.717,0,0.0309,134.627,3,0.137
29,2WwzQJt4hG7YC6x16ZTYFM,Bastille,What Would You Do,0.382,0.581,183333,0.732,0.00254,0,0.385,-6.024,1,0.0417,89.994,4,0.36
30,5xkEkPxG9GkoxxcacT2cXW,Sara Rachele,Fade into You,0.11,0.404,348455,0.529,0.544,9,0.0779,-7.956,1,0.0279,139.73,3,0.131
31,495y8T4aLlEqQ5bbD6howh,Haley Reinhart,Dreams,0.0241,0.454,239621,0.568,5.21e-05,0,0.11,-6.066,1,0.0317,110.047,4,0.13
32,7FxWJX9m6V4d9lYZ5vogqW,SHAED,Starboy - Recorded at Spotify Studios NYC,0.0535,0.437,211173,0.799,1.55e-06,8,0.233,-6.535,1,0.353,94.04,4,0.388
33,5bVXmsElBv3xtPsoLJ1Mj0,Handsome Ghost,Brand New Colony,0.524,0.45,184000,0.658,2.8e-05,3,0.13,-7.877,1,0.0887,169.67,4,0.418
34,03WFAhoOVLmynaOBtZcyl7,Sarah Jarosz,The Tourist,0.781,0.341,292013,0.299,7.86e-05,4,0.104,-7.191,1,0.0284,82.486,3,0.125
35,5rdfzozvs2VdNXflcqfHSA,The Darcys,Ocean Eyes,0.714,0.396,200191,0.327,0.0,4,0.119,-6.366,0,0.0362,88.802,5,0.39
36,0tseO3zDOVKkUOUQSODF7U,My Bubba,Sexual Healing,0.934,0.648,174546,0.152,0.00104,5,0.0999,-11.507,1,0.0308,82.749,4,0.119
37,4XilcCA3EVodptsOzwcgfU,Like Swimming,Lean On,0.882,0.619,281351,0.284,1.67e-06,4,0.108,-11.372,0,0.0462,119.899,4,0.0834
38,2MxrQDEu6efhLEOWM2ckSU,Jasmine Thompson,Earned It,0.927,0.462,247363,0.198,0.0,9,0.112,-8.492,0,0.0335,123.993,3,0.201
39,5qX2ZJoLEyFCTAdaCqUo7s,Anya Marina,Whatever You Like - Single Version,0.535,0.663,228907,0.643,0.0,5,0.308,-4.383,1,0.0316,121.97,4,0.368
40,1K6bvVleOIMX5SEuXphEKu,Bella Ruse,Like Spinning Plates,0.865,0.308,173906,0.325,0.731,1,0.116,-8.041,1,0.0313,140.279,4,0.0541
41,3xorRM5zWG2woFjHgL5KO2,Jesse Daniel Smith,Flume,0.587,0.229,187271,0.508,0.00968,0,0.382,-6.891,1,0.0339,99.38,4,0.0934
42,4qQZRFqGcr5dM9GHDLEUJn,Sondre Lerche,Wrecking Ball,0.726,0.482,197280,0.302,2.07e-05,2,0.12,-8.836,0,0.0722,99.104,4,0.194
43,4uUN1aDIOmkpVfW0NP3Do5,Au Revoir Simone,Oh! You Pretty Things,0.613,0.48,257320,0.196,0.000736,6,0.0919,-12.383,1,0.0301,69.243,4,0.0784
44,0foJgbkqIYjC8WfEOMMw3i,The National Parks,Lover,0.434,0.673,163342,0.357,1.37e-05,7,0.313,-7.087,1,0.0288,107.984,3,0.547
45,2KSezpA4CZxv1RkQvA1jXE,Freedom Fry,1979,0.914,0.53,290518,0.259,0.00023,7,0.186,-13.277,1,0.0298,105.921,4,0.189
46,6Ae3iEZalzep9aDRbGGMHK,HAERTS,Everybody Here Wants You,0.363,0.421,257146,0.446,0.0,0,0.116,-6.469,1,0.0299,121.028,4,0.21
47,7MXlRIl901aXfJ2oSGn0E2,Chromatics,Into The Black,0.96,0.61,322994,0.385,0.442,9,0.0782,-8.764,0,0.0277,108.967,4,0.128
48,4DYdrgkSWVYzo9e5RMnUMV,Of Monsters and Men,Circles,0.199,0.631,223173,0.548,0.0,0,0.0796,-7.289,1,0.0303,115.023,4,0.133
49,09MdiypXlcb1kohV3cO03p,Sleeping At Last,I'm Gonna Be (500 Miles),0.951,0.413,212044,0.202,0.0,4,0.125,-14.05,1,0.0444,128.767,5,0.266
50,535qfjYWFpQBjvIpWNG1ZG,Molly Tuttle,"Sunflower, Vol. 6",0.471,0.579,235418,0.492,0.0187,11,0.103,-16.016,1,0.0383,137.766,4,0.459
51,0UfzWpf7YPMJ1jd2KJYRGD,"Feki,Glass House",Retrograde (Feki & Glasshouse Cover),0.758,0.578,219870,0.299,5.04e-05,7,0.0715,-8.658,0,0.0268,77.545,4,0.0623
52,3Vp1ShzJnzjtMbGucz0c16,You+Me,No Ordinary Love,0.971,0.579,249440,0.0952,0.0,11,0.137,-10.659,0,0.0364,125.733,4,0.175
53,7dP4k5nDDwI1qMDoz5m0f6,"Iron & Wine,Ben Bridwell",This Must Be The Place,0.499,0.634,212486,0.419,0.00438,0,0.124,-10.386,1,0.028,118.838,4,0.562
54,6TCrhl4UEM2yXZ4uaXa5OY,WesternBoy,Honesty,0.44,0.672,225944,0.576,2.39e-06,10,0.334,-5.525,1,0.0279,143.11,4,0.72
55,4C9rhLT37Gv6VMVtFCb7O1,Handsome Ghost,Harvest Moon,0.616,0.565,247879,0.361,9.24e-06,2,0.0929,-12.485,1,0.0295,117.967,4,0.138
56,3EZInu9E19z1PGRln6ijuT,Siv Jakobsen,Toxic,0.735,0.506,188176,0.266,3.74e-06,9,0.0787,-10.531,0,0.038,109.524,4,0.201
57,0C0bw3UZM525pEFU6hYfVH,"Jillette Johnson,OurVinyl",Champagne Supernova (OurVinyl Sessions),0.818,0.397,254640,0.161,2e-05,6,0.111,-13.916,1,0.0344,109.88,4,0.105
58,7bqirkzoUJHi16RBEcQiv9,Jake McMullen,Dancing on My Own,0.138,0.876,307026,0.564,0.521,0,0.102,-8.904,1,0.0365,110.962,4,0.741
59,2aDVymoLLpxVmITtdK0yiD,Lo-Fang,You're The One That I Want,0.644,0.448,204706,0.309,0.000368,11,0.237,-12.52,0,0.0404,119.775,4,0.149
60,1xhM41HO1R4okfIi4iKp8o,Sleeping At Last,Private Eyes,0.987,0.41,206426,0.17,0.0,5,0.115,-10.931,1,0.0408,142.432,3,0.288
61,7AvGswRZzCrH10NJrRtM8V,Benjamin Wallfisch Feat. Mirel Wagner,I Wanna Be Sedated,0.842,0.338,218070,0.112,0.000363,4,0.157,-17.972,1,0.04,82.868,4,0.31
62,5qeL0fWg4IDLZNUjVu53f2,"filous,LissA",Feel Good Inc.,0.212,0.779,236129,0.634,0.0634,3,0.11,-7.975,0,0.0607,124.047,4,0.576
63,3gkqjWvOpWpFQYX5AzqrY3,Cam,Palace - Cover,0.926,0.403,229496,0.0427,7.52e-05,6,0.0984,-11.177,0,0.0366,78.073,3,0.274
64,7sP6zSFF0uep8457Wg2yGL,S. Carey,Bullet Proof.. I Wish I Was,0.849,0.17,246573,0.192,0.794,7,0.168,-12.236,1,0.0333,92.022,5,0.039
65,0ASjmESaww4tLMSDBzTu3U,Mappe Of,Pleasure,0.721,0.349,255130,0.164,0.341,11,0.0839,-17.582,0,0.0382,114.824,3,0.0394
66,1FfoHjy7kr5IGtOjAKjeiv,Aubrie Sellers,Wicked Game,0.238,0.458,295654,0.44,0.624,2,0.123,-9.131,1,0.029,110.006,5,0.161
67,1EsAhylwglTqOzaRmTGHeE,Aaron Espe,Gone,0.838,0.289,196586,0.258,0.118,7,0.109,-15.045,1,0.0532,180.118,4,0.144
68,0sN0KsgEU0RxNsGJ0zOGor,AURORA,Half the World Away,0.948,0.61,198133,0.0967,5.45e-06,8,0.148,-14.728,1,0.0423,111.559,4,0.202
69,1sz0fuWEAcPkCfG5o7D9KP,Denmark + Winter,Every Breath You Take (Re:Imagined),0.337,0.586,222222,0.492,4.47e-05,0,0.112,-8.114,0,0.0252,108.006,4,0.0897
70,2CgxxJfitzgyaMv3kFm4l3,CAL,Whatever You Like,0.191,0.613,186461,0.402,0.0,11,0.165,-8.324,1,0.0404,129.83,4,0.598
71,5idADky7mHihopJGObd4hf,Lia Rose,Take on Me,0.714,0.454,208345,0.292,0.18,9,0.118,-16.486,1,0.0336,130.014,4,0.126
72,6EjU3Hev5VZZmpPjoyNZVX,Iron & Wine,What I Am - Recorded at Spotify Studios NYC,0.668,0.546,235579,0.299,0.108,5,0.111,-14.999,1,0.0386,115.465,4,0.79
73,55KGNC101dEVfdAGAzUIeq,Lucy Daydream,Electric Feel,0.426,0.664,222796,0.594,0.183,11,0.118,-9.969,1,0.0321,96.973,3,0.204
74,6gCe9izm7Z6gjm7NWQqcKL,Lauren O'Connell,Atlantic City,0.88,0.66,196046,0.256,0.0,0,0.0635,-10.244,1,0.0433,120.313,4,0.607
75,6WoJzSRQeROe5MNpf7cPDu,The Civil Wars,Dance Me to the End of Love (Bonus),0.856,0.472,185053,0.184,0.0,9,0.145,-11.182,0,0.029,110.081,4,0.285
76,7KqIH50NWpcqdZ2768gxiy,Robyn Sherwell,Landslide,0.947,0.459,170399,0.0567,4.17e-06,0,0.101,-16.347,1,0.043,86.1,4,0.144
77,5YQdjvqe9fCrrkbU6BPtjQ,Ryan Corn,White Flag,0.0682,0.553,211626,0.674,0.038,9,0.155,-6.511,0,0.0484,90.012,4,0.521
78,2KQlkzT8Gg1lFDU0y5TYeK,"Jacob Collier,dodie",Here Comes The Sun (feat. dodie),0.838,0.641,238360,0.398,0.000102,2,0.539,-12.237,1,0.054,145.043,4,0.461
79,7mbSj5ZNGRlC2M4Ql5RsXY,Moonrise Nation,Latch,0.754,0.461,207160,0.26,4.4e-06,8,0.128,-10.983,1,0.0409,116.422,4,0.149
80,0ps4B5abRYTq6BYeLnmb4j,Nataly Dawn,Unchained Melody,0.785,0.521,190400,0.355,0.00616,10,0.105,-8.564,1,0.0285,75.065,4,0.195
81,0p9iW5SZgKuxF2Tnodh316,Trousdale,Wouldn't It Be Nice,0.885,0.586,167125,0.269,0.0,7,0.0906,-7.672,1,0.0262,105.809,4,0.257
82,5511Aj0mYSejKP6fplsoRk,James TW,Torn - Bonus Track,0.303,0.599,196213,0.546,0.0,9,0.119,-6.459,1,0.159,95.141,4,0.411
83,0YZWUkELGlFigAxGLMnfj8,Molly Tuttle,Fake Empire,0.608,0.342,205049,0.442,0.206,8,0.192,-15.961,1,0.0375,93.126,3,0.384
84,2ETA67aCemVtQj2nS4TWaM,"Kenny Foster,Sarah Darling",Country Roads,0.916,0.437,193208,0.164,6.04e-05,2,0.137,-13.973,1,0.0322,77.863,4,0.176
85,7nghYGsh54yEir2qzPxqyk,Daniela Andrade,Bang Bang (My Baby Shot Me Down),0.962,0.414,153500,0.064,0.0,5,0.215,-12.321,1,0.0759,187.047,5,0.0374
86,1xk9SAyeOxzJ0o2f8QqNM9,Ember Island,Can't Feel My Face,0.837,0.347,152250,0.348,0.0132,9,0.229,-11.222,0,0.0298,103.376,4,0.14
87,32DRpZgrvQZddDkKF2DoTr,"Natalia Lafourcade,Leiva",Slowly,0.0918,0.643,336813,0.388,0.000135,0,0.114,-14.081,1,0.041,164.078,4,0.717
88,71RBgjynxm7jKDR4VnpYOl,Hannah Peel,Blue Monday,0.944,0.599,162500,0.219,3.44e-05,0,0.0676,-10.36,1,0.0366,119.347,4,0.485
89,0wDRNOFe1nzWFDQc5FoKk1,Tenille Townes,Hallelujah,0.861,0.349,229574,0.148,0.0,4,0.136,-9.731,0,0.0365,158.329,3,0.111
90,2Bg5AdWEDobr5xEHwLtCHn,Meiko,Crush,0.725,0.606,221125,0.163,1.2e-05,11,0.111,-21.772,0,0.0635,109.564,4,0.233
91,2PPxhYPi9vxR6UnmpUwY29,Gordi,00000 Million,0.935,0.579,200160,0.314,0.0,8,0.278,-10.431,1,0.5,126.154,4,0.12
92,1zJpJ3HPRtAYYNLWm5BJEf,James Bay,If I Ain’t Got You - James Bay Spotify Session 2015 Alicia Keys Cover,0.743,0.652,261120,0.18,4.04e-06,5,0.71,-9.735,0,0.111,115.218,3,0.328
93,6Y2c7nqkwa5n2vykfdwDIE,SRNO,Hotline Bling,0.504,0.769,175124,0.206,0.135,1,0.113,-14.301,1,0.107,122.076,4,0.123
94,2M605uHCPSyTuiWhplewX1,Fruit Bats,Today,0.205,0.428,255633,0.26,0.000403,4,0.11,-14.086,1,0.026,172.074,3,0.178
95,4RftloQV6tARnLrBuXKzMr,Ingrid Andress,Don't Start Now,0.576,0.568,191444,0.477,0.000456,11,0.141,-8.099,0,0.0361,116.941,4,0.227
96,1FaxioLjUIAGpuvkDIDQHF,L'Isle,Like a Virgin,0.583,0.725,207413,0.336,0.00275,5,0.125,-11.828,1,0.0542,96.961,4,0.25
97,6PtA1cWsvqeNF464t0USPx,Imaginary Future,Soul Meets Body,0.885,0.649,218581,0.206,0.0,9,0.123,-12.366,1,0.036,110.707,4,0.507
98,6AdxrIYy5CT1LLzLYAQOwy,Joy Oladokun,I Can't Make You Love Me - Spotify Singles,0.0802,0.594,196772,0.501,0.0242,0,0.125,-8.224,1,0.0325,75.007,4,0.551
99,26BQhYYkG1B8xxbVV423PY,Tom Boy,Young & Sad,0.701,0.693,182957,0.436,0.0,10,0.103,-7.808,1,0.0327,141.866,4,0.368
0,3B0gvjxlqRgY7stPPl3qoQ,Flora Martínez,Take My Breath Away,0.83,0.852,210545,0.225,4.97e-05,1,0.0996,-13.899,1,0.05,96.018,4,0.399
1,4CRjazq3qlqmWA70eRYT04,48th St. Collective,Beautiful Things,0.823,0.779,169000,0.375,9.71e-05,7,0.108,-12.535,0,0.072,140.069,4,0.341
2,73DfVvh6PynHy59NISUfsB,The Cooltrane Quartet,Sing It Back,0.669,0.693,168451,0.287,2.03e-06,0,0.138,-12.554,0,0.0453,125.088,4,0.368
3,5bFy4AS0cdJD2g3pJc0YSX,"Stella Starlight Trio,Natalie Renoir",Bad Habits,0.174,0.782,207000,0.359,0.0,9,0.226,-13.542,0,0.0447,114.951,4,0.363
4,3QQ8XjdUJrWZ9fSlypk6lN,"Groove Da Praia,Mayla Da Viola",Water - Bossa Nova Version,0.784,0.819,163750,0.283,0.124,3,0.189,-11.962,0,0.105,117.038,4,0.741
5,3XR1rkOcAJQmicJKfhFWEX,Michelle Simonal,I Just Wanna Stop,0.505,0.781,142800,0.552,0.000107,4,0.111,-8.82,1,0.0388,125.455,4,0.481
6,2oD3ivFZnfyciys07pNXoN,"The Cooltrane Quartet,Eve St. Jones",Never Gonna Give You Up,0.697,0.736,187969,0.417,0.00249,9,0.0967,-11.39,0,0.0324,101.969,4,0.399
7,3mo9t9GnRVdBcpbchq6L64,"Sarah Menescal,Groove Da Praia",Over My Shoulder,0.215,0.68,197215,0.569,0.0185,1,0.312,-10.72,0,0.0814,176.036,4,0.434
8,1i1hDWeiuyqWBUCEsiZ5Bo,"Sarah Menescal,Eve St. Jones",Break My Heart,0.616,0.832,145316,0.529,0.499,4,0.166,-8.308,0,0.0456,106.062,4,0.339
9,6auWMxgWWn4BYFyYwTq4ih,"Anakelly,Stereo Dub,Nova Bossa Ltd.",Last Friday Night (T.G.I.F.),0.399,0.894,210066,0.362,0.0989,1,0.0823,-11.633,0,0.0635,119.977,4,0.809
10,3n9UZ2YbDAmqYKt686sGGe,Ituana,Overprotected,0.435,0.732,208098,0.557,0.294,11,0.414,-12.188,0,0.0572,141.916,4,0.691
11,0sLk0SUGilBkdTTuVcRpF5,Sarah Menescal,Thank You - Bossa Nova Version,0.056,0.897,132896,0.521,0.506,0,0.107,-10.727,1,0.0428,118.047,4,0.644
12,4UGLycZ60fLbMrd6n9oi5Z,"Amazonics,Julie Benson",Heart of Glass,0.166,0.901,118500,0.423,0.000288,11,0.111,-12.388,0,0.072,110.007,4,0.375
13,0LNBiCjsVNgN5eXabvuZAI,Amazonics,Only Happy When It Rains,0.345,0.825,181540,0.359,0.778,4,0.0793,-12.652,0,0.0511,120.004,4,0.674
14,1pj03bsh7KkZgm2z6JcNDF,"Roger Beck,BossArt Ensemble",Flowers,0.81,0.642,175750,0.339,0.00197,6,0.0937,-10.906,0,0.0273,94.013,4,0.263
15,1i52jLhQVdxN3xyu7x5DYJ,James Farrelli,Toy Soldiers,0.583,0.688,171590,0.307,2.88e-05,4,0.285,-13.75,0,0.032,130.089,4,0.183
16,1MyKrE830Qjvev4muWsL0j,Michelle Simonal,"Baby, I Love Your Way - Bossa Nova Version",0.871,0.8,170000,0.28,0.0162,9,0.0982,-14.028,1,0.0389,117.831,4,0.409
17,2CFUPdzOocpUiiuA1IfEFV,Dinah York,Unwritten,0.79,0.795,166330,0.442,0.132,7,0.115,-9.356,0,0.0283,101.991,4,0.511
18,5IXUkS1MZfGEQ1QJlytLh6,"Beluga's Trio,Andy Stone","yes, and?",0.841,0.884,162646,0.42,0.242,2,0.102,-8.682,1,0.0521,119.013,4,0.482
19,4x3nvARpbulEKyePztwR1t,Lifuki,Walk on the Wild Side,0.0708,0.683,195815,0.494,0.334,0,0.138,-11.221,1,0.0518,159.975,4,0.693
20,0PG3WyR6qHL7UZTr2HYTzY,Dual Sessions,Let Her Go,0.369,0.77,223611,0.558,0.0256,11,0.134,-10.741,1,0.0339,140.034,4,0.735
21,4fNvFjiA3BWbUgTbENtSiQ,Beluga's Trio,Physical,0.278,0.691,148052,0.457,0.0066,0,0.211,-9.906,1,0.076,76.051,4,0.524
22,3rzMh3yRuC9OuAU3IepUkQ,Sarah Menescal,Always on My Mind,0.449,0.771,195759,0.442,0.276,6,0.0867,-9.88,0,0.0665,157.912,4,0.67
23,59cT7sLcDp4hb7yAyRXK9T,"Michelle Simonal,Nova Bossa Ltd.",Don't Be Cruel,0.415,0.913,171126,0.389,0.0128,6,0.113,-9.183,1,0.0555,116.001,4,0.382
24,2vJgNVVy0hPs3BEZFaHcOB,Lizette,Self Control,0.111,0.833,196250,0.458,1.86e-05,4,0.327,-10.269,0,0.0376,102.002,4,0.693
25,1ruHPGW0R95DyoleHKMtl4,"Amazonics,Brazil XXI",Murder On The Dancefloor,0.41,0.813,169877,0.608,0.000389,1,0.11,-8.263,0,0.0457,106.991,4,0.407
26,2B0xND8Y5274NEEF5hZtPQ,"Eve St. Jones,Blue System,Ronan",Words - Blue System Remix,0.234,0.823,151071,0.516,0.525,0,0.116,-7.989,1,0.0346,111.995,4,0.5
27,7gshuLBhsLUkbCY0pSDMJW,"Apollinare Rossi,Ronan",I Was Made for Lovin' You - Ronan Remix,0.166,0.772,163738,0.502,0.00033,2,0.126,-6.965,0,0.0337,106.992,4,0.365
28,2ettuUPLpFoR6OT1uMTi7h,Luca Giacco,How Many Lies?,0.22,0.724,200250,0.448,0.274,2,0.109,-14.383,1,0.0815,170.022,4,0.673
29,6E4Y6Lh9tGWezuWf2XzBwq,Karen Souza,Get Lucky,0.758,0.498,198000,0.468,3.99e-05,6,0.111,-10.297,0,0.038,84.576,4,0.416
30,4HW4vRvT9UfOrwrjsmXYam,"Spanish Flow,Freedom Dub,Pastora Andrades",Back to Black,0.268,0.711,168316,0.512,0.883,5,0.0814,-11.66,0,0.0852,160.073,4,0.684
31,5zbloXRvdATx11u9v2LTbe,Nenei,One Kiss,0.0608,0.82,198008,0.316,0.0,3,0.118,-11.847,1,0.154,94.985,4,0.263
32,3ywQfd47HTyX92b1oQ1pUa,Ituana,Cool,0.671,0.702,130932,0.453,7.78e-05,3,0.15,-11.022,0,0.127,95.831,4,0.632
33,3E7opp3zWp1lm0Y0vHWDxb,Sarah Menescal,Cryin',0.148,0.847,199046,0.398,0.000323,9,0.104,-12.355,1,0.0317,120.02,4,0.606
34,2FYlBDDlTSgE6ohkiw4vy2,"Groovy Waters,Luca Giacco",These Dreams,0.302,0.803,215000,0.494,0.303,8,0.11,-10.951,0,0.0396,114.999,4,0.661
35,17FxD2Du8Qczo58jpIwUXb,Ituana,A Kind of Magic - Miracle Mix,0.522,0.72,192923,0.5,0.000512,2,0.344,-10.191,1,0.0413,129.958,4,0.539
36,4cb5w1y8zVOm4yi90DaLB8,"Urban Love,Luca Giacco",If You Ever Want My Love Again,0.407,0.914,187500,0.586,0.041,11,0.107,-9.978,0,0.0385,110.006,4,0.96
37,402P5nfAk5LL2rmsrh5QAS,"Amazonics,Apollinare Rossi,Julie Benson",Portuguese Love,0.177,0.842,194250,0.424,0.0015,2,0.11,-12.529,1,0.0423,126.016,4,0.632
38,1AjhlpDCa0sH55RgDm2rRh,"George White Group,Apollinare Rossi",Superstition,0.473,0.74,209250,0.368,0.0058,4,0.209,-15.358,0,0.0549,80.026,3,0.331
39,6AKVTdAxFTMkw0HZwnl6XK,The Cooltrane Quartet,WILDFLOWER,0.485,0.671,205295,0.429,0.0397,6,0.108,-12.337,0,0.0464,143.945,4,0.388
40,7xMFJgyuPLaTxhzbNN9ncm,Michelle Simonal,New Rules,0.341,0.747,173848,0.502,0.00889,1,0.105,-10.924,0,0.0412,96.003,4,0.528
41,33QKYJVDxw61uKYhVESezl,Lizette,i like the way you kiss me,0.0538,0.836,171500,0.536,0.0,8,0.11,-11.183,0,0.0322,139.955,4,0.767
42,7hEv0IV78CEtZ0IbwGN9ie,"James Farrelli,Shelly Sony",Sunshine Reggae,0.391,0.891,136893,0.326,0.137,8,0.0995,-13.773,1,0.0572,137.063,4,0.631
43,6AWSoNOx2GMygIR9S6OuD5,"Amazonics,Michelle Simonal",Cry for Help,0.507,0.87,176000,0.423,0.0205,1,0.136,-11.035,1,0.0383,105.997,4,0.62
44,7HDOeq4Pm2mOayUVFdKaqD,The Cooltrane Quartet,The Lady in Red,0.435,0.793,227013,0.452,0.288,6,0.138,-12.024,0,0.0302,134.974,4,0.807
45,4u2b3QdJ6FkyaaTK0TrRQR,Karen Souza,Every Breath You Take,0.392,0.774,167653,0.422,0.0,0,0.202,-9.942,1,0.0324,119.997,4,0.457
46,5JagoCyaJWBriQfGdhTAVs,Sarah Menescal,Stand by Me,0.839,0.789,186425,0.355,0.428,10,0.0995,-10.381,1,0.0484,109.991,4,0.51
47,1VYvWpbuOfXKSm4jpuJblj,George White Group,I Love You,0.198,0.591,188446,0.549,0.00148,0,0.0925,-12.11,1,0.038,159.95,4,0.507
48,5rnAlOCVFg2S9xlFxejfXD,Nenei,Dangerous Woman,0.109,0.641,221000,0.624,6.73e-05,6,0.116,-10.116,1,0.0552,171.925,4,0.589
49,5BxPC0hfPuUEq2vruFZLFh,Sarah Menescal,Don't Speak,0.895,0.716,249173,0.288,0.0,9,0.126,-13.142,0,0.0316,130.122,4,0.58
50,4hnucYZP1gngUdkjM2sxrF,"The Cooltrane Quartet,Nenei",What a Difference a Day Makes,0.668,0.743,205000,0.399,0.000256,0,0.0942,-11.324,1,0.0653,88.024,4,0.307
51,0wtSOxnaPIv9i4aC7Vt6eO,"Groovy Waters,Scubba",Lazy,0.344,0.83,162250,0.621,0.124,5,0.137,-9.481,0,0.0318,126.036,4,0.795
52,4wQ29rogBxh643UZhKIENw,"Os Alquimistas,Luca Giacco,Anakelly",I've Been Losing You,0.355,0.897,192000,0.328,0.00119,9,0.0914,-14.341,0,0.0466,113.987,4,0.888
53,5TIOvTjDDejF4siWjay83G,Ituana,Suspicious Minds,0.115,0.749,181707,0.483,0.0239,9,0.0759,-11.075,1,0.0459,116.028,4,0.514
54,40P6KhmSwI3d5UpsFOGOTK,Nenei,Cherry,0.0182,0.504,146928,0.608,0.00196,9,0.175,-11.352,1,0.0598,91.334,4,0.153
55,4Ak9z5EEH4PRPw2IPoIM4T,Shelly Sony,Show Me Love,0.793,0.802,145750,0.384,0.0318,7,0.117,-13.659,0,0.0411,98.04,4,0.515
56,40wgKEnwsWeZbCq5flYt4k,United Rhythms Of Brazil,Gold,0.598,0.627,170750,0.354,0.0282,8,0.108,-10.048,1,0.189,131.996,4,0.502
57,36yZcEBifWqWVbWWHL5XfS,"Corcovado Frequency,Deise Costa",Anti-Hero,0.389,0.802,198373,0.368,0.00866,8,0.106,-12.073,1,0.114,87.277,4,0.361
58,5K14nzTk5slA3K90SKmw9q,"Freedom Dub,Nikko Mad",Dakota - Nikko Mad Remix,0.04,0.888,190906,0.745,0.00596,0,0.119,-9.144,1,0.075,122.023,4,0.528
59,4xBEK0sYzNXrZqc1li0YZ8,Ituana,Numb - Remix,0.0188,0.815,160000,0.514,0.3,11,0.0863,-7.677,0,0.0427,114.005,4,0.556
60,6ZkytfMRYWE6U0AJc2hDim,"Anakelly,Leo Portela",Love Never Felt So Good - Leo Portela Remix,0.224,0.898,170357,0.449,0.0183,7,0.0995,-10.899,0,0.0403,112.011,4,0.21
61,2F9UYOUH86we7KGX1gQ00w,48th St. Collective,Sure Know Something,0.209,0.913,185375,0.516,0.205,4,0.103,-10.645,0,0.046,120.009,4,0.788
62,3EOTfzeN3ZWooDL5i4CX3d,Sarah Menescal,Adventure of a Lifetime,0.743,0.689,235500,0.496,2.42e-05,0,0.0943,-13.632,1,0.0433,92.5,4,0.14
63,0aChcSAAQqNjoV4dl0hw4r,"Nenei,Stella Starlight Trio",Feeling Good,0.0283,0.554,178264,0.412,0.0,5,0.377,-12.641,0,0.0778,78.25,4,0.395
64,2NCLpp3XqZXNteWgyyk9AO,"Freedom Dub,Luca Giacco",I'm Not in Love,0.0841,0.744,235000,0.681,0.00346,9,0.0794,-6.322,1,0.0325,143.963,4,0.782
65,4bKXnz3kB9zMjeCKpIUz2V,Pinky Dread,Isn't She Lovely,0.493,0.576,139000,0.373,1.42e-06,5,0.167,-11.054,1,0.0518,118.406,4,0.372
66,4dl4xwL2tU43hQkLlmBkQ2,"Spanish Flow,Pastora Andrades",What a Wonderful World,0.218,0.773,130328,0.382,0.864,7,0.116,-12.016,1,0.0735,99.996,3,0.411
67,2zP4ttOChI6NJYfgN44NdT,Amazonics,Hello,0.497,0.756,270644,0.55,0.0389,3,0.364,-9.584,0,0.0331,141.004,4,0.538
68,4eL248j2YxsdomVlARvxIw,Von Mondo,Classic,0.228,0.816,146500,0.289,5.99e-05,11,0.183,-12.089,0,0.0503,99.99,4,0.63
69,4QOLevXnfPI0W0fQciWUGq,Von Mondo,Limbo,0.602,0.904,161449,0.521,0.293,4,0.0965,-11.696,0,0.0391,110.005,4,0.725
70,5e7Tc0Y4l78phWVGA2u7v3,Groovy Waters,"Girl, You'll Be a Woman Soon",0.076,0.776,186625,0.435,0.0123,9,0.105,-13.473,1,0.032,110.022,4,0.642
71,1KCwVlplqFu1GzUmY4sBAi,"The Cooltrane Quartet,Nenei",Don't You Worry ’bout a Thing,0.233,0.77,208500,0.497,2.96e-06,6,0.101,-9.034,1,0.024,104.968,4,0.452
72,2HtLMRCrLhWAHwyQLMmR88,"Groove Da Praia,Urselle",Digging Your Scene,0.575,0.661,175967,0.465,0.141,0,0.282,-11.009,1,0.0721,171.984,4,0.466
73,4Vor8YELTcUw7lBtsnQX2s,Ituana,It's My Life,0.432,0.507,204144,0.369,0.00429,5,0.107,-9.963,0,0.0444,120.022,4,0.376
74,7MskN2v3epm2MCxGxfD10G,Ituana,Tape Loop,0.0958,0.719,191500,0.68,0.642,11,0.078,-13.544,1,0.0566,92.969,4,0.795
75,1waygSn0gHDRqvPjcm5oje,Sarah Menescal,Company,0.533,0.739,179736,0.664,0.395,11,0.119,-11.927,0,0.0506,81.03,4,0.879
76,0UoCwRgyTt51RhMlK06rVt,Spanish Flow,Let It Be,0.0482,0.763,98750,0.711,0.813,7,0.0991,-9.398,1,0.046,95.968,4,0.329
77,4XZF1Obq22VonF9AP8rLTB,"Spanish Flow,Pastora Andrades",Imagine,0.0921,0.725,123157,0.585,0.862,2,0.108,-11.342,1,0.0478,95.017,4,0.338
78,4gFaLsaEv2MgDbP3QzP3Rw,"Ituana,Sao Vicente,Spanish Flow",Valerie - Spanish Flow Mix,0.0716,0.813,187734,0.552,0.0998,8,0.0947,-11.685,1,0.0957,100.036,4,0.494
79,3vL0JS4JvKI8MjcmhtbqGI,Luca Giacco,The Captain of Her Heart,0.28,0.913,206000,0.59,0.557,1,0.147,-12.765,1,0.0566,106.062,4,0.408
80,7zzLFsWaWsPOfqoac4VqPZ,"Groove Da Praia,Anakelly",The Rhythm of the Night,0.236,0.945,152241,0.54,0.00963,11,0.104,-11.076,0,0.0484,119.973,4,0.671
81,1spyzqfIChQrbZqSqD6u2V,Michelle Simonal,Hurts to Be in Love,0.429,0.887,157250,0.348,0.00795,4,0.0847,-14.991,0,0.047,114.036,4,0.71
82,6RXoJlA32eHVLBIIoQVZBN,"Cassandra Beck,Beluga's Trio",Burning Love,0.578,0.879,170820,0.466,0.000454,7,0.38,-9.117,1,0.0713,133.974,4,0.586
83,4oqZa7svmu147Csnyq6XGe,"Amazonics,Michelle Simonal",Behind Blue Eyes,0.516,0.847,243818,0.348,0.542,4,0.141,-13.851,0,0.0466,110.001,4,0.59
84,2ITbtDsFcagEc5mLkKovQV,Sarah Menescal,Like a Prayer,0.508,0.812,218421,0.474,0.00324,0,0.522,-9.7,0,0.0438,114.038,4,0.335
85,1iPTNmq4TrNxtCf9pQAU2o,Cassandra Beck,Be the One,0.576,0.743,126958,0.528,0.235,7,0.206,-9.614,1,0.056,96.015,4,0.207
86,7odoFGdUnYxXhcQSO2dLaN,"Banda Do Sul,Luca Giacco",I Cannot Believe It's True,0.624,0.908,211000,0.362,0.62,7,0.112,-14.26,1,0.0468,110.03,4,0.602
87,2odqzHVvxzwHNmyDp2POKa,"Jamie Lancaster,Michelle Simonal",Endless Love,0.566,0.772,173043,0.422,0.000874,7,0.129,-13.698,1,0.0349,132.053,4,0.878
88,1uS79ShMjeJJkC25Y0tXtx,"Celso Mendes,Dinah York",pov,0.64,0.757,191566,0.325,0.00292,6,0.191,-15.087,0,0.0702,115.772,4,0.501
89,6c1XfCAHzti4KI0CpUHXcp,"Spanish Flow,Michelle Simonal",You Can't Always Get What You Want,0.06,0.724,124746,0.461,0.458,2,0.103,-11.24,1,0.0412,158.037,4,0.501
90,4VIYTieBvN8PvCAqnyLj6Y,"Shirley Adamson,George White Group",My Future,0.824,0.59,152533,0.361,0.0,2,0.111,-11.619,1,0.0244,96.046,4,0.384
91,1QZ0trnp5lBt5rEvGX1kNk,"Natalie Renoir,Stella Starlight Trio",Sacrifice,0.266,0.692,150672,0.449,2.4e-05,7,0.187,-11.147,1,0.233,176.016,4,0.57
92,2HEuLuS9y56R6arvYm5xF6,Apollinare Rossi,What's Love Got to Do with It,0.237,0.753,212000,0.347,0.00014,1,0.103,-13.645,1,0.0478,81.996,4,0.425
93,3aCaGAEFDlLHvbDIT4VmEe,"Jazzystics,Urselle",Everybody Wants to Rule the World,0.807,0.633,234246,0.0866,3.84e-06,9,0.0998,-17.323,0,0.0315,81.992,4,0.256
94,7GNzr502OgyJ038gEZogDX,Brazil XXI,Honesty,0.728,0.82,184750,0.255,0.000166,7,0.132,-13.535,0,0.0375,123.963,4,0.345
95,42kAGpoyeawbqYhgcrnlpj,"United Rhythms Of Brazil,Lizette",We Built This City,0.0201,0.871,171000,0.357,3.31e-06,5,0.0947,-12.197,1,0.052,110.064,4,0.307
96,16FUfRUiNf4bXmYFYvH7bg,Eve St. Jones,Space Cowboy,0.769,0.751,205026,0.352,0.00532,0,0.123,-13.731,1,0.0307,100.017,4,0.452
97,5QU6DL9fRllFfXlS0n5Tb1,"Nenei,Stella Starlight Trio",Don't Start Now,0.572,0.785,200000,0.325,2.63e-05,0,0.11,-12.766,0,0.0307,104.975,4,0.354
98,1S5oR1bjwjZQPn6ZfuKDt4,"Anakelly,Celso Mendes",Prodigal Blues,0.826,0.83,153500,0.396,0.0112,7,0.104,-11.911,1,0.0347,109.994,4,0.477
99,3Tuvch77TwNYAOkRCensnZ,"Karen Souza,Ronan",Everything's Not Lost - Ronan Remix,0.376,0.716,160941,0.639,0.272,1,0.103,-7.765,0,0.0391,170.051,4,0.66
100,5ncBfaUmarog3U2sKCqCmY,Nova Bossa Ltd.,IDGAF - Bossa Nova Version,0.0563,0.723,171250,0.619,0.0,1,0.214,-9.619,0,0.0929,93.98,4,0.579
101,2GgWIDmkc58DM0J22HwnVS,"Nova Bossa Ltd.,Lizette",99 Red Balloons,0.344,0.769,206750,0.351,0.00224,0,0.161,-11.052,1,0.044,119.959,4,0.407
102,1uhYE07Z9YPTb8zB46MMsa,"Groove Da Praia,Brazil XXI",Deja Vu,0.144,0.871,183834,0.4,3.2e-05,0,0.374,-12.769,1,0.0479,124.062,4,0.468
103,48QGqxZ0FeY6O2QhzQmUnw,Lizette,Mary's Prayer,0.447,0.672,194000,0.289,0.0195,0,0.11,-14.503,1,0.0519,67.696,4,0.25
104,3DYYx3H3kVuNV91U0gxYIK,Stella Starlight Trio,Don't Let Me Down,0.584,0.732,230471,0.234,3.88e-05,8,0.278,-14.055,0,0.0314,97.953,4,0.528
105,1JgMcdvUxZ0G72nQXhEJQN,Shelly Sony,Levitating,0.716,0.703,128470,0.399,0.000149,7,0.164,-10.013,1,0.222,169.988,4,0.798
106,0yOpThGjb4BW8fV0lBxRRa,Dinah Eastwood,Every Rose Has Its Thorn,0.711,0.84,269875,0.418,0.0531,6,0.108,-13.931,1,0.0673,130.024,4,0.449
107,7rkUCu2iSuNwoyMIDRQA0T,"Nenei,Groove Da Praia",I'm Not Here to Make Friends,0.491,0.719,191750,0.518,9.95e-05,8,0.175,-9.992,0,0.0716,85.05,4,0.709
108,1OvtgtEZpuFY3hIENVKzVo,"Pinky Dread,Lila Frascara",Ain't No Sunshine,0.0319,0.661,185641,0.651,0.000497,1,0.171,-8.343,0,0.0319,154.053,4,0.803
109,3TUBbPiTUTQ4bD5WHdixUx,Jamaican Reggae Cuts,Wicked Game,0.669,0.72,212835,0.612,0.581,9,0.423,-7.721,1,0.0256,100.046,4,0.601
110,375ydLI5wNuXd2llR9r6hb,"Jamaican Reggae Cuts,Luca Giacco",Right Between the Eyes,0.754,0.82,172633,0.416,0.0022,9,0.108,-8.752,1,0.0645,97.029,4,0.621
111,4Eq6Cxym6d0qXQ2uPXpcq5,Pinky Dread,Wind Of Change,0.558,0.567,170946,0.665,4.25e-05,4,0.0926,-8.141,0,0.102,165.766,4,0.583
112,0lEsQGoR01bHWNWH9VO2Fw,Luca Giacco,Save Your Tears,0.0328,0.801,172000,0.574,2.72e-06,7,0.178,-9.091,1,0.0353,127.996,4,0.728
113,325vLO3EtvYrhVnw7MY2FS,Sublime Reggae Kings,Stairway to Heaven,0.224,0.645,237840,0.662,0.00921,9,0.0911,-9.143,0,0.0415,165.991,4,0.596
114,1aFXqa4vb45N9M3XM9S2XB,"Pinky Dread,Vintage Reggae Soundsystem",Ironic,0.0147,0.697,212500,0.385,0.0,7,0.0967,-11.633,1,0.0368,169.943,4,0.392
115,6eKPKs6GMHZp0hZVWrp5nM,"Sublime Reggae Kings,Luca Giacco",I Want to Know What Love Is,0.286,0.724,208000,0.409,3.51e-05,10,0.121,-10.847,1,0.0449,80.004,4,0.79
116,1POcUhFWVhV07VOkKP9yxx,"Natty Bong,Max Dubster",Do Ya Think I'm Sexy,0.076,0.788,209379,0.663,9.16e-06,0,0.0475,-8.116,0,0.0293,122.006,4,0.663
117,4jpDV9N0kEtQ4D8nszY595,Shelly Sony,Man Down,0.485,0.69,273309,0.528,0.00121,0,0.0834,-9.989,0,0.0455,156.049,4,0.932
118,4X9MumWkSlE9ilxl5h8p40,Pinky Dread,Sorry Seems to Be the Hardest Word,0.243,0.767,211031,0.484,4.27e-05,7,0.115,-7.756,0,0.0357,136.026,4,0.664
119,13UzU3WM4SEnfl8z3r8Llm,Vintage Reggae Soundsystem,Dust in the Wind - Reggae Version,0.0498,0.641,176250,0.755,0.163,5,0.193,-7.309,1,0.0426,170.075,4,0.7
120,5FgWWc7H9K99sxpHB8gxpi,Sublime Reggae Kings,Knockin' on Heaven's Door,0.0463,0.737,163067,0.543,0.00483,7,0.165,-9.876,1,0.04,150.004,4,0.917
121,3HL5Oql9o6IaVXnKJwlf4M,Pinky Dread,You Get What You Give,0.185,0.9,189956,0.52,0.0935,7,0.106,-8.696,1,0.0402,115.946,4,0.665
122,1KpmJ0qMfQb96BqjJQwIap,"Amazonics,Astrovoid",Lovin' You - Astrovoid Remix,0.289,0.77,178390,0.432,0.276,6,0.15,-11.111,0,0.0309,116.008,3,0.768
123,2gCEsaKvuL8FrVcBzimC7P,"General Soundbwoy,Urban Love,Nikko Mad",Be Easy - Nikko Mad Mix,0.241,0.849,126303,0.386,0.212,8,0.097,-10.711,1,0.0632,117.008,4,0.656
124,4rgA4ZZsWJQggzwxnuksIz,Natty Bong,No Rain,0.0267,0.828,235046,0.56,0.00195,9,0.0466,-5.758,1,0.0307,120.048,4,0.624
125,0HTlWdPi8O7UDz3uwx6wi2,"Scubba,Ivette Moraes,Ronan",The Sweetest Taboo - Remix,0.0345,0.688,188400,0.598,0.0426,8,0.138,-8.621,1,0.0373,99.975,4,0.588
126,0QNbhggK2GbhOfmj7KQBPg,"Anakelly,Ronan",Speed of Sound - Ronan Remix,0.0191,0.74,205327,0.811,0.475,0,0.264,-6.776,0,0.0306,122.012,4,0.742
127,74Psg0xeytTgB2gHtM4V1o,"Dinah Eastwood,Bellestar",Your Love - Bellestar Remix,0.278,0.914,164810,0.384,0.793,9,0.108,-9.891,0,0.0449,123.995,4,0.759
128,2zN2GGrNOv7je3o5sbqsmO,"Urselle,Dalbani",Lovefool - Dalbani Remix,0.0183,0.716,187721,0.557,0.769,5,0.221,-8.491,0,0.0391,117.994,4,0.494
129,7MG7CEvfoD3N2dLPeBgPzM,"Trippynova,Natalie Renoir",Magic,0.00281,0.796,234152,0.521,0.518,0,0.0856,-8.096,1,0.0435,118.013,3,0.831
130,37ELOJ1m3ql1ssiiJvGqic,"Urban Love,Nikko Mad",Run,0.117,0.894,151475,0.592,0.0179,9,0.0893,-5.701,0,0.0611,121.986,4,0.728
131,4OCA4FhK8IHGrQ3ZBbnYiP,"Banda Do Sul,Krister",Big in Japan - Krister Remix,0.0094,0.803,245742,0.486,0.792,2,0.149,-9.341,0,0.0307,120.002,4,0.688
132,5l5kZBPZCo8njkwSWPwQFj,"Eve St. Jones,No.oN",Dreams - No.On Remix,0.164,0.809,199587,0.642,0.224,0,0.141,-9.305,1,0.0621,123.013,4,0.67
133,778pno4e1Qgd0TigLAEthp,"Anakelly,Ronan",Trouble - Ronan Remix,0.155,0.77,168780,0.774,0.455,11,0.121,-7.308,0,0.0333,123.027,4,0.72
134,0gMA1ODS1u8jqHuMspJbAz,"Stereo Dub,Karen Souza,Ronan",Who Can It Be Now? - Ronan Remix,0.0938,0.805,163826,0.58,0.297,9,0.124,-9.703,1,0.0331,115.041,4,0.735
135,7oGMrh7oyZjpOKQ3XQy1wn,"Eve St. Jones,Lost Coconut",Say Say Say - Lost Coconut Remix,0.0725,0.722,190526,0.584,3.02e-05,10,0.236,-9.589,0,0.0417,114.022,4,0.469
136,4hIEEPYExTYTr3Ow3sZF0G,"Stereo Dub,Asonne,Nikko Mad",We Don't Talk Anymore - Nikko Mad Remix,0.445,0.653,177931,0.473,0.0,3,0.112,-10.054,1,0.303,116.112,4,0.311
137,0B7cfiWPAnwd7IVi1A1qDv,"Ituana,Ronan",Learn To Fly - Ronan Remix,0.164,0.742,142622,0.665,0.484,4,0.165,-7.942,1,0.0315,122.016,4,0.869
138,0K7rNlTUvPkA40eju6eE3y,Cupido,I Don't Wanna Wait,0.269,0.761,172166,0.564,0.0,7,0.186,-8.648,1,0.0302,115.003,4,0.507
139,5hqzT8JtqdXFnk2EiGv5P0,"Olivia Wayne,Javier Penna",About Damn Time,0.00472,0.846,152295,0.637,3.46e-05,3,0.0686,-7.694,0,0.0474,114.992,4,0.517
140,3QEvcsamCcsxu72Wh0VoHL,"Style Project,Nikko Mad",Don't Look Back in Anger - Nikko Mad Remix,0.825,0.939,197218,0.69,0.000277,8,0.165,-8.639,0,0.113,122.015,4,0.827
141,5ngIXy26kT4sY3ILXuHcgL,"Dual Sessions,Krister",Radioactive - Krister Remix,0.0014,0.712,228991,0.646,0.148,9,0.0902,-11.619,1,0.0354,124.0,3,0.41
142,40SI893useZh7kNd2OdXyW,"Blue System,Dataset",Sultans Of Swing - Dataset Remix,0.111,0.89,140000,0.471,0.208,10,0.16,-8.622,0,0.039,120.026,4,0.816
143,4hizZa9dGxFoWxwq99ZvrJ,"Nikki Ocean,Ronan",God Put A Smile Upon Your Face - Ronan Remix,0.145,0.736,173760,0.648,0.297,5,0.131,-7.94,0,0.037,125.029,4,0.674
144,7bHGlhtwAMSuaMyXn2GqII,"No.oN,Nikko Mad,Krister",What a Wonderful World - Krister Remix,0.545,0.808,95023,0.457,0.213,9,0.391,-11.727,1,0.291,121.973,4,0.559
145,0VQuNJqghamXoXE9MUtayQ,"DJ Leao,Olivia Wayne",Kill Bill,0.0518,0.758,138200,0.765,0.0,8,0.249,-8.566,1,0.0351,108.016,4,0.57
146,2vRmIerfAgnsJeXm77MSuO,"Urban Love,Bellestar",Love is in the Air - Bellestar Remix,0.0746,0.734,193250,0.417,0.732,11,0.087,-12.162,0,0.0696,117.964,4,0.784
147,3pjt0qN2hV0uCy5NLSMYjz,"Natalie Renoir,Stereo Dub,Brazil XXI",Can't Take My Eyes off You,0.203,0.691,175613,0.444,0.683,0,0.115,-8.641,1,0.0441,112.053,4,0.376
148,4dfuoV8vanxVlY7AnIUFa6,"Style Project,G-Spliff",What Is Love - G-Spliff Remix,0.00735,0.724,132763,0.796,0.534,6,0.103,-7.704,0,0.0312,113.989,4,0.324
149,4skHdxpVtqYXf75Ef6x65L,"James Farrelli,Sarah Menescal,DJ Style",Eye in the Sky - DJ Style Remix,0.0229,0.733,210437,0.577,0.345,11,0.282,-9.487,0,0.0286,117.011,4,0.437
150,6nJFd7o25QSjV14rIFIMND,Cupido,Sweet Dreams,0.0191,0.726,188869,0.429,9.85e-06,10,0.124,-9.631,1,0.0314,115.07,4,0.195
151,7CPUqolzjRHXKqOVjg5ikP,"Style Project,Ronan",Need You Now - Ronan Remix,0.224,0.813,154655,0.559,0.19,1,0.0974,-8.764,0,0.0423,116.012,4,0.587
152,2elwuVGPrE6EDLgiiNJR6R,"Eve St. Jones,Ronan",Just an Illusion - Ronan Remix,0.443,0.725,175578,0.673,0.00247,6,0.0996,-6.165,0,0.042,95.017,4,0.597
153,0uoOxUiLcRsU8ZVsQtP9IC,"Bellestar,Sixth Finger",West End Girls,0.0493,0.855,179500,0.482,0.121,4,0.18,-10.242,0,0.163,111.979,4,0.401
154,3o7CXtaxiXnrlNUfEJwm4H,"Ladies On Mars,Asonne",Espresso,0.173,0.927,124517,0.656,0.0,4,0.109,-4.057,0,0.0414,109.974,4,0.965
155,54Jg0PL6btirwsSaH3YTJv,"Os Digitalistas,DJ Style",Don't Cha - DJ Style Mix,0.307,0.874,183647,0.627,0.000339,0,0.0746,-10.077,1,0.0711,117.047,4,0.254
156,1x7NAvqHgCvhV549ls0FTE,"Thierry Von Der Warth,Horizon Blue,Carston",Sunset Lovers,0.0234,0.806,176000,0.741,3.73e-05,1,0.0746,-6.362,0,0.0471,119.971,4,0.563
157,34EYNFBkwkBk0Q9o6L3E2h,"Sarah Menescal,Bellestar",Thank You,0.0772,0.744,153559,0.62,0.486,9,0.166,-10.57,0,0.0632,118.04,4,0.232
158,63qlXLidhj96q2tc08Es3S,Shelly Sony,Passionfruit,0.208,0.885,156781,0.612,0.716,7,0.0932,-4.926,1,0.0713,111.97,4,0.349
159,01PbyRit2PM1eXZYBMc0iE,"Urban Love,Dew,Ronan",Tiny Dancer - Ronan Remix - Radio Edit,0.0896,0.67,243999,0.446,0.471,0,0.0999,-11.353,1,0.0401,89.973,4,0.571
160,1HIj1pIcx7lLPojZwl621A,"Bellestar,Klub Rider,Glambeats Corp.",How Deep is Your Love,0.0134,0.766,218285,0.508,0.199,5,0.105,-10.887,0,0.0313,104.994,4,0.565
161,1u6WRz27CF92Q939iemrEc,Cupido,Beautiful Things,0.0896,0.7,218947,0.501,0.0,10,0.113,-9.925,1,0.0545,114.077,4,0.295
162,6iz26Mu9QuUBTMigT1ews0,"Michelle Simonal,Von Mondo",Sad Eyes,0.361,0.853,152750,0.426,0.457,11,0.114,-11.43,0,0.0452,109.968,4,0.565
163,2L43jfu6ajaSF09sPazrTE,"Beluga's Trio,Shelly Sony",Love You Inside Out,0.376,0.688,222892,0.425,2.5e-06,2,0.107,-14.774,0,0.134,77.013,4,0.825
164,4cxhbzDDWmqtqu6BoQeqr3,Lifuki,Boys Don't Cry,0.335,0.745,193660,0.568,0.00237,7,0.262,-9.07,1,0.0303,112.006,4,0.689
165,6nmU8lzv86jRm2DRydKdFM,Amazonics,Duel,0.586,0.886,193500,0.436,0.466,5,0.158,-12.207,1,0.0399,109.983,4,0.544
166,3nnON3beG96Kvwk3QkrcIO,"Jazzystics,Karen Souza",Bette Davis Eyes,0.247,0.741,238626,0.319,0.0,0,0.105,-9.245,1,0.0296,100.006,4,0.177
167,20O4M9igBhkA1q8kqWfzk4,The Cooltrane Quartet,Wonderwall,0.796,0.723,248546,0.273,0.0247,8,0.12,-11.323,0,0.0327,118.032,4,0.37
168,4rZg5aVDKwO3igw5gfCj9G,"Stereo Dub,Celso Mendes,Adelle",As It Was,0.841,0.692,191000,0.117,0.0,6,0.082,-12.881,0,0.0344,119.959,4,0.385
169,7JhF43DEYvAS6S4TeSfkoT,Sarah Menescal,Here Comes the Sun,0.811,0.757,152826,0.367,4.03e-05,0,0.11,-14.189,1,0.0337,129.847,4,0.506
170,0LLUBWZSJOlQvN14eZAc5V,"Groove Da Praia,Marianne Pretty",Cold Heart,0.0436,0.752,172750,0.527,3.27e-06,0,0.369,-11.194,1,0.0326,95.059,4,0.0987
171,2cYVWz1cFAzvz22hbRXmSq,Nenei,Training Season,0.26,0.881,200500,0.366,0.000744,10,0.13,-11.799,0,0.0354,107.57,4,0.719
172,6ahLJwwsT0nKE6n9IFb2Zj,"The Cooltrane Quartet,Ituana",Big Yellow Taxi,0.798,0.464,144000,0.324,0.000926,2,0.111,-13.097,1,0.0347,140.966,4,0.382
173,5IdEyLfCCyeq7GkOFAGBhd,"Krister & Dalbani,Lee Avril",Holiday,0.757,0.627,208750,0.332,0.0552,11,0.149,-14.973,0,0.0783,119.473,3,0.51
174,1VXsXlE137O72CTNNcO6cm,"Apollinare Rossi,Nenei",That's What I Like,0.0538,0.733,254011,0.445,0.0,5,0.127,-14.376,0,0.0388,125.003,4,0.605
175,4VT6XJ3qyarOCBcz0YzKWx,Amazonics,Your Love Is King,0.271,0.808,208124,0.352,0.0175,9,0.0994,-11.928,1,0.0342,120.038,4,0.275
176,32SkNdTcuxvUGjtv0ObOgu,Karen Souza,Creep,0.704,0.69,211306,0.235,0.000984,0,0.087,-12.42,1,0.0305,94.044,4,0.285
177,3VoamGkXelS0NOIVm1BBJg,Flora Martínez,Happy,0.744,0.828,207871,0.357,0.00556,1,0.0863,-10.394,1,0.0538,114.994,4,0.472
178,1f7ugfHGYzURq2nihUldG1,"Jamie Lancaster,Cassandra Beck",I Finally Found Someone,0.513,0.726,192200,0.264,5.27e-05,5,0.104,-14.524,1,0.0443,74.989,4,0.379
179,0tcHTsTtZ1UDkvv53KgCdT,The Molsbees,Sea of Love,0.28,0.745,222641,0.339,0.0776,7,0.103,-16.013,1,0.034,138.03,4,0.531
180,3TVF6ELGpYAWdW2ygBKr89,"BossArt Ensemble,Adelle",I Wanna Dance with Somebody (Who Loves Me),0.2,0.709,232750,0.514,0.000212,0,0.116,-11.206,1,0.0283,103.98,4,0.347
181,3p5TVaZfPqAiyJKY88XEzU,"Eve St. Jones,Massey",Last Train to London,0.846,0.769,227533,0.445,0.000413,5,0.294,-11.609,1,0.0294,115.063,4,0.637
182,0vPUh2zdpNyCKTKVUGct1Z,The Cooltrane Quartet,Wonderful Life,0.935,0.714,189000,0.187,0.000118,6,0.126,-13.93,0,0.0299,99.936,4,0.398
183,50DxwELMhzzkM74s5SGlTC,Eve St. Jones,Simple Song,0.333,0.766,182480,0.467,0.308,10,0.381,-11.002,1,0.0431,140.033,4,0.666
184,5n4AFhL5Q7pikGJqjvY7ra,Jamie Lancaster,Take It Easy,0.763,0.772,195750,0.197,0.000182,9,0.0979,-16.566,1,0.0414,124.985,4,0.562
185,08HPc4fP6PWlr2xpPVXPCz,Groove Da Praia,Don't Dream It’s Over,0.0717,0.714,192696,0.586,0.264,0,0.161,-12.555,1,0.0403,130.033,4,0.18
186,6uteqvtnxNOzwVDCrP3wmL,Eve St. Jones,All Night Long (all Night),0.12,0.8,229046,0.501,0.118,11,0.0373,-10.94,0,0.0466,151.97,4,0.464
187,0AG9vNUg8uYeagIjiuEZQS,Nenei,Peaches,0.0572,0.531,214250,0.364,0.0,0,0.105,-13.067,1,0.102,75.28,4,0.492
188,3JQN4r78xj1pLL5fVAmBkg,"The Cooltrane Quartet,Ituana",Dancing with Myself,0.628,0.724,186660,0.357,4.64e-05,0,0.117,-12.526,1,0.0532,139.886,4,0.47
189,6CQD4TAchatceNJcTk5Ysq,"Groove Da Praia,Ituana",Talking in Your Sleep - Bossa Nova Mix,0.464,0.816,228500,0.471,0.0331,0,0.179,-14.005,1,0.0368,119.981,4,0.907
190,6lZsx6j9CRmFZj7innWPo0,Eve St. Jones,I Feel It Coming,0.226,0.7,215941,0.564,0.00012,8,0.109,-11.012,1,0.0501,156.089,4,0.748
191,4Kn1oBxtVSpWlHz3mUGQ3S,Sarah Menescal,Call Me,0.345,0.778,169787,0.518,0.0344,5,0.104,-9.685,1,0.035,93.975,4,0.506
192,7keh4M0uhHdKjiyE8OCYW7,"Brazil XXI,Luca Giacco",I Like Chopin - Bossa Nova Version,0.289,0.869,160724,0.581,0.297,0,0.0978,-8.627,1,0.0304,112.044,4,0.477
193,2b7cA59hRDSihRLoSqm2c1,"Lizette,BossArt Ensemble",Dance Hall Days,0.0882,0.694,168000,0.332,0.000659,8,0.107,-15.386,1,0.038,131.933,4,0.351
194,0KVc0ozfeFiAfBGUHuFG7X,Brazil XXI,No One is to Blame,0.191,0.63,222446,0.425,0.00365,11,0.129,-11.443,0,0.0506,170.091,4,0.55
195,7fgWubo9LxOKy8C87h7cqA,Apollinare Rossi,Fast Car,0.112,0.789,179500,0.26,0.0,9,0.0863,-13.457,1,0.265,83.963,4,0.423
196,1skziAXmY45EPpIz89Yyte,"Banda Do Sul,Michelle Simonal",A Little Respect,0.462,0.727,181969,0.41,0.014,9,0.181,-11.608,1,0.0314,120.579,4,0.537
197,0PcWxBsfCHsiUmlWlbi71Q,Sarah Menescal,Love Hurts,0.158,0.602,176246,0.567,0.0912,0,0.0983,-11.537,1,0.0411,170.121,4,0.813
198,2yDC7kYcWpHal2cBITkwZf,Eve St. Jones,New Light,0.334,0.893,188077,0.498,0.0472,2,0.0932,-9.714,1,0.0628,124.974,4,0.472
199,5XEXEhrdoBb0vgQrHy6P44,Ituana,More Than a Woman,0.505,0.757,178000,0.375,0.0183,9,0.121,-12.688,0,0.035,100.026,4,0.495
200,1EZaWpEjv6QWUFOehbOETm,Jamie Lancaster,Golden,0.54,0.902,207333,0.173,0.0049,7,0.113,-14.908,1,0.0668,119.982,4,0.601
201,41JKFfUdoSyZ3f5zmLy7TQ,"Groove Messengers,Dinah York",You and I,0.281,0.77,257079,0.504,0.303,11,0.116,-10.813,0,0.0453,90.004,4,0.638
202,3oLFzWx9spRsgviNTPMwOI,Nenei,No Tears Left to Cry,0.295,0.677,210696,0.361,0.0,0,0.0692,-9.738,1,0.0466,84.984,4,0.492
203,1C7C0RNdTZBCJLq4BQPHrA,The Cooltrane Quartet,Put Your Records On,0.595,0.65,206647,0.115,0.0,7,0.118,-18.102,1,0.0375,84.923,4,0.338
204,2Tjx2DINx4qil9xunhu5cO,"Brazil XXI,Luca Giacco",I Like You,0.418,0.817,242481,0.434,0.00133,0,0.096,-12.044,1,0.0353,107.973,4,0.553
205,61tniHTQazrRNGRrAbZRGu,"George White Group,Luca Giacco",Halo,0.446,0.597,268674,0.222,3.38e-06,2,0.107,-18.084,1,0.0341,120.038,4,0.317
206,01E1JjJ1WWKl7gxhplzIK6,Nenei,Just the Two of Us,0.363,0.715,211000,0.437,0.0,1,0.339,-12.187,1,0.0606,144.02,4,0.482
207,6MmUiXsyqAehKtQrTOp9JH,"Groove Da Praia,Luca Giacco",Standing Outside in the Rain,0.822,0.801,148183,0.552,0.239,2,0.355,-12.442,1,0.0301,119.968,4,0.786
208,3gyTNk6UpaHlIKSQlXexxD,"Stereo Dub,Karen Souza",Back Down South - Bossa Nova Mix,0.473,0.822,164889,0.478,0.597,2,0.113,-17.062,1,0.0549,130.038,4,0.582
209,1WfsnlcGlMLTL1WAJxD8Rv,"Spanish Flow,Sarah Menescal",At Last,0.00515,0.741,110303,0.6,0.817,0,0.109,-11.242,1,0.0642,99.022,4,0.507
210,0zPnJEuC38tzwUYSlBzLbc,Eve St. Jones,Would I Lie to You?,0.265,0.715,221589,0.534,0.0,4,0.384,-10.109,0,0.0309,80.006,4,0.674
211,0PYLjTrb7ChZTfWG9TFAPe,Stella Starlight Trio,Finally,0.843,0.669,219250,0.286,1.09e-05,11,0.242,-12.761,0,0.0285,87.881,4,0.454
212,4xNY4ODuyRuL3erXG1yAV9,Jazzystics,I've Been Thinking About You,0.754,0.574,232045,0.28,1.01e-05,9,0.199,-9.803,0,0.0351,134.578,3,0.226
213,7838W70tMmlrcyWOl5f94G,Luca Giacco,Hard Woman,0.408,0.862,234941,0.398,0.0779,3,0.111,-10.599,1,0.0325,108.002,4,0.609
214,120Xuxfa5OC4yaDTKJXsRA,Michelle Simonal,Reminiscing,0.702,0.864,198250,0.398,0.000102,7,0.114,-14.942,1,0.0488,99.979,4,0.238
215,0PhocXeV0UYspfP6zuiPD9,"Les Crossaders,Mandy Jones",Pink,0.0586,0.671,207190,0.595,0.00229,0,0.372,-11.435,1,0.0498,163.877,4,0.373
216,5dyVnHugwTjg5ygkcCxrRy,"The Cooltrane Quartet,Nenei",Fly Me to the Moon,0.0808,0.618,210000,0.404,3.62e-05,5,0.0999,-11.204,0,0.0256,100.042,4,0.241
217,0N73mFYOFbYX1FBoON6tOx,"Les Crossaders,Groovy Waters",Delicate,0.593,0.609,224005,0.153,1.13e-05,0,0.211,-18.69,1,0.038,75.138,4,0.234
218,6ae3eJZM5L3M57Gcy1yV1m,Michelle Simonal,Live to Tell,0.605,0.585,225174,0.254,0.00135,2,0.0918,-14.528,0,0.033,124.869,4,0.0712
219,2BQ7d1JGleZjwmCyAFVsAJ,Apollinare Rossi,Sexual Healing,0.0262,0.871,192750,0.258,0.0,3,0.107,-14.126,1,0.0676,140.023,4,0.578
220,5Pb2yyzIkYux2qIYwZ7Ocr,"Stereo Dub,Lila Liu,DJ Leao",Ocean Eyes - DJ Leao Bossa Nova Remix,0.441,0.788,157250,0.513,0.00916,11,0.103,-11.795,1,0.0369,139.978,4,0.456
221,2p2pVm5r4qsCGLPwPY6mfO,"The Cooltrane Quartet,Michelle Simonal,Francoise Sanders",Human,0.538,0.611,187116,0.212,0.00535,8,0.134,-14.242,1,0.0286,89.837,4,0.227
222,5GN5y83dv7phEa75ocydKa,"48th St. Collective,Nikki Ocean",Girls Like You,0.654,0.595,229094,0.239,0.0285,0,0.0907,-20.066,1,0.0353,89.972,4,0.141
223,6Gp576ma11crAf3Bs2rOo1,"Luca Giacco,Stereo Dub",Repetition,0.673,0.774,176250,0.513,0.161,10,0.115,-13.883,1,0.0373,120.006,4,0.449
224,5dCfDKQVVQYBjSGTSjWnD2,"Krister & Dalbani,Ronan",Eyes Without A Face - Ronan Remix,0.609,0.671,132244,0.615,1.08e-05,0,0.155,-10.578,1,0.0801,98.011,4,0.698
225,09GqLS45kyKf1K1rUyfOIV,Groove Da Praia,Cars and Girls,0.471,0.874,286875,0.476,0.000473,11,0.0834,-10.194,0,0.0435,125.414,4,0.886
226,3qeMQ8v7fXBoi51kVmkVz2,Cassandra Beck,The Tide is High,0.441,0.79,203000,0.421,0.00037,11,0.288,-13.685,1,0.062,130.042,4,0.523
227,5aC4ToGzIkqORbtMjH08Va,"BossArt Ensemble,Os Alquimistas,Natascha",When the World is Running Down,0.512,0.897,183000,0.412,0.000389,1,0.108,-12.288,0,0.0419,107.996,4,0.639
228,3z2jts2LU99UUETwWr5tjG,"48th St. Collective,Luca Giacco",Someday,0.855,0.677,184250,0.249,0.000635,2,0.112,-14.051,0,0.0304,99.992,4,0.546
229,6dPXG3UjtHel6Gj0X22lVA,Stella Starlight Trio,Don't You (Forget About Me),0.734,0.645,191840,0.294,0.0,3,0.16,-14.016,1,0.0367,119.766,4,0.176
230,6JwYbadkL3EMa5iEOZodID,"Jamie Lancaster,Ituana",All the Small Things,0.723,0.622,154908,0.188,0.000624,4,0.15,-14.93,0,0.0407,124.907,4,0.182
231,0XlS7U6zsgzylQNy28gVLF,Amazonics,Night Changes,0.86,0.817,176692,0.403,0.00416,8,0.163,-13.005,1,0.0547,116.011,4,0.504
232,6Xv1KKBqOxEk4BLWeqism5,"Nenei,Stella Starlight Trio",needy,0.402,0.702,198250,0.473,0.000156,1,0.105,-10.605,1,0.081,75.018,4,0.347
233,7pIo1QhDL6XNRv467z2gGs,Stella Starlight Trio,Sunrise,0.837,0.674,202263,0.193,0.000363,0,0.0963,-16.045,0,0.0321,95.038,4,0.373
234,37JRb6cexDkgxVPqcuFivc,Dinah Eastwood,I Ran (So Far Away),0.555,0.758,242486,0.432,0.0252,9,0.105,-12.843,0,0.031,120.005,4,0.313
235,3wwHmbLyjng4zuf1eJ93yO,The Cooltrane Quartet,Ain't Nobody (Loves Me Better),0.335,0.622,249153,0.25,0.0,7,0.0936,-14.563,1,0.0308,62.006,4,0.448
236,52VPad07PAiKVkcQ2KvfWI,George White Group,Gypsy Woman (She Is Homeless),0.301,0.735,160533,0.35,0.0,2,0.0886,-10.755,0,0.0335,124.908,4,0.404
237,6TIFmsfuwzlzB3bEJBGBXY,"Jazzystics,Julie Benson",Snow (Hey Oh),0.153,0.592,246203,0.259,2.88e-06,2,0.0744,-17.719,0,0.0305,74.993,4,0.264
238,5oRaFJf5Nhmr3lYKmIvzOo,Michelle Simonal,This Is What You Came For,0.539,0.88,184513,0.359,0.00887,9,0.0893,-12.848,0,0.04,112.983,4,0.792
239,2Vk7J4k4U1iHJeqWdgTTa0,Luca Giacco,Little Lies,0.243,0.783,120279,0.372,0.000249,1,0.114,-13.333,1,0.0308,110.056,4,0.684
240,2lMRebjS1GEHAKaA9XJ6Ub,"Sarah Menescal,Dataset",Time After Time - Dataset Remix,0.00607,0.687,212142,0.598,0.421,4,0.169,-9.597,0,0.0362,111.965,4,0.478
241,20ilaQzoMW2Ld45Kje0DgF,"Eve St. Jones,Ronan",Simple Song - Ronan Remix,0.0583,0.782,133440,0.578,0.407,10,0.131,-8.525,1,0.0329,124.973,4,0.741
242,1hAEAKwoHZIYLF0mVdLK1s,"Brazil XXI,Eve St. Jones,Wax Hero",Oops!...I Did It Again - Wax Hero Rework,0.0138,0.708,186000,0.656,0.07,11,0.0695,-7.224,0,0.0307,109.986,4,0.6
243,0jbTJfMySE2Z1HbC7mn5tv,Sarah Menescal,Can't Help Falling in Love,0.106,0.681,196309,0.49,0.774,11,0.117,-11.998,1,0.0438,126.006,4,0.15
244,0paKqp6k6BubOuj6mtaZyW,"Groove Da Praia,Ronan",Is This Love - Ronan Remix,0.111,0.788,166000,0.591,0.416,9,0.144,-9.074,1,0.0421,120.005,4,0.744
245,1avLn8sAKd8FHSU7MEheJv,Dinah Eastwood,Here I Go Again - DJ Leao Mix,0.783,0.845,154914,0.514,0.000125,7,0.2,-6.247,1,0.0476,109.948,4,0.849
246,7c6t0WqYyy5nJcROURGqYF,"Roger Beck,Ladies On Mars",Single Soon - Ladies On Mars Mix,0.107,0.738,153631,0.542,0.616,7,0.106,-11.868,1,0.101,113.955,4,0.292
247,09rXAnmwG3sdmY1DKJNGHS,Blue System,Rude,0.0959,0.771,133191,0.62,9.01e-05,1,0.0952,-5.034,1,0.0359,132.017,4,0.764
248,5EMXavHZ15rUAaJUd5mtYN,"Asonne,Ladies On Mars,Nikko Mad",Eyes Closed,0.295,0.866,152856,0.538,2.49e-06,11,0.0811,-9.519,0,0.169,120.13,4,0.511
249,2uzqLtPgBPLcJgO6MV3iYD,"Roger Beck,Nikko Mad",Up&Up - Nikko Mad Mix,0.396,0.836,110617,0.661,0.000145,0,0.265,-8.552,0,0.243,124.041,4,0.732
250,7BwRJ8UPL9rpMHKwxAWtRC,Lila Frascara,All the Good Girls Go to Hell,0.151,0.873,194549,0.329,0.352,8,0.199,-10.155,0,0.0794,100.011,4,0.452
251,23hZTb59H1qj09mfpbcNQi,Banda Do Sul,Back to You,0.212,0.819,182000,0.553,0.432,0,0.103,-11.316,1,0.0285,110.01,4,0.766
252,1isGvp20UKqhtmPAdaFaJ7,Ivette Moraes,One Of Your Girls,0.0903,0.648,186250,0.646,0.00794,5,0.094,-10.267,0,0.0462,178.35,4,0.779
253,4wfbU3wuGAERZQdjmpL1QU,Freedom Dub,Lullaby,0.0165,0.651,199744,0.453,0.0087,9,0.334,-11.823,1,0.0354,97.999,4,0.475
254,7iBrytcz94j4QBYT1tTb69,"Sarah Menescal,Leo Portela",I Love You Always Forever - Leo Portela Rework,0.17,0.761,140000,0.826,0.161,3,0.114,-10.672,1,0.0591,105.004,4,0.68
255,7yJLAJCz6RNOqf3h3HiwG9,"Groove Da Praia,Luca Giacco",Walking on the Chinese Wall,0.109,0.706,222500,0.739,0.318,4,0.12,-11.921,1,0.0723,160.011,4,0.506
256,6vLsby1xIWIPw6So6T1Oes,"Urban Love,Luca Giacco",Suedehead,0.00743,0.681,179000,0.623,0.16,6,0.113,-14.276,0,0.0497,159.946,4,0.82
257,2TskbKc3UjN1UYos1jQ7Sr,Groovy Waters,Jamming,0.668,0.78,165000,0.262,1.79e-06,4,0.0882,-12.206,0,0.0684,121.858,4,0.477
258,2O0wwN0eDJm2gKwRfheEgG,Luca Giacco,Drive,0.541,0.734,210212,0.574,8.88e-05,6,0.107,-10.137,1,0.0623,170.021,4,0.941
259,7yhCEcdSHMpEKKm3vTai82,Shelly Sony,2u,0.236,0.658,197413,0.511,0.000635,11,0.112,-13.099,1,0.0473,72.491,4,0.799
260,0q9XkXxVUeC5n61VtEZ2LJ,Mandy Jones,The Sign,0.381,0.779,187250,0.53,0.00216,4,0.178,-10.621,0,0.0354,121.986,4,0.424
261,5YExwVbOUJKzRrm5WCwPPc,Flora Martínez,Safe and Sound,0.344,0.765,209357,0.473,0.0128,10,0.0701,-12.491,0,0.0538,97.989,4,0.43
262,7C8dwKsnRIAn9syrr4Rbcz,ABC,High & Dry,0.067,0.571,264586,0.747,1.79e-05,4,0.101,-7.989,1,0.0267,95.997,4,0.602
263,1Axq8XXoiJu6HUMnBhqFLQ,"Vintage Reggae Soundsystem,Luca Giacco",The Right Thing,0.402,0.9,173919,0.431,0.371,9,0.118,-10.094,1,0.0372,107.025,4,0.618
264,7glz9Y5ErVSKfqgOBBhgik,"Os Alquimistas,The Molsbees",Destiny,0.163,0.789,167750,0.424,0.00302,0,0.113,-10.003,1,0.0402,138.019,4,0.675
265,6bDyP43kM9db8WGzbhJycW,Pinky Dread,Earned It,0.0756,0.796,169859,0.641,1.25e-05,5,0.118,-9.379,0,0.0656,159.993,4,0.668
266,7pA2jFEUIV2zN6RxCM20xY,"Groove Messengers,Ronan",I Feel You - Ronan Remix,0.0508,0.665,144545,0.708,0.337,9,0.294,-7.972,0,0.059,176.09,4,0.551
267,40FCQz529TRclRoc5sjIXx,"Banda Do Sul,Natalie Renoir",Watermelon Sugar,0.495,0.689,212833,0.243,0.00172,9,0.173,-16.599,0,0.0909,158.068,4,0.464
268,2cODlnejVW3p7TTC8f45gA,"Banda Do Sul,Natalie Renoir",Titanium,0.59,0.658,239041,0.389,0.749,9,0.108,-11.485,0,0.0281,100.01,4,0.208
269,3c1Ei3v1g2zeDWazp2B7PA,Amazonics,Precious,0.729,0.744,197668,0.342,0.0746,4,0.0954,-11.804,0,0.0297,105.004,4,0.373
270,5Eh2vc3xzJa9t2jZNUjCHo,Flora Martínez,The Scientist,0.705,0.752,266862,0.383,0.00314,10,0.229,-12.036,0,0.0328,98.973,4,0.502
271,3ffNqgxYUDLblC2aE7OyC8,"Wine Lovers,Nenei",I Drink Wine,0.299,0.811,200000,0.47,4.44e-06,6,0.127,-10.624,1,0.0313,115.965,4,0.658
272,2TdeiJueVglBMSEJIbNPDB,"Sao Vicente,Shelly Sony",Crush,0.371,0.685,150250,0.611,0.0434,1,0.165,-9.705,0,0.0362,155.959,4,0.699
273,5Y0vxsMkUOxgFNNyU8jo0j,Lila Frascara,Makeba,0.793,0.896,154076,0.574,0.438,0,0.121,-10.486,0,0.0733,116.005,4,0.606
274,5UcOMQv75CwJM7XKA9nSAw,"Spanish Flow,Pastora Andrades,Sarah Menescal",I Say a Little Prayer,0.695,0.761,149985,0.597,0.191,11,0.09,-9.826,1,0.0791,150.028,4,0.537
275,1dlvCR47icv2BCiBCSF204,"Beluga's Trio,Celso Mendes",It Ain't over Til' It's Over,0.521,0.734,242893,0.347,0.000824,0,0.163,-13.709,1,0.0682,75.068,4,0.636
276,3J7ps6cp1OwsrMO1idzKZw,"The Cooltrane Quartet,Lila Frascara",My Funny Valentine,0.721,0.764,163669,0.506,0.65,5,0.109,-11.658,0,0.0304,136.038,4,0.508
277,6ghkW1bQU5IbzoVMlrMU3w,Os Novos do Rio,Intoxicated,0.85,0.804,75424,0.698,0.945,7,0.097,-10.515,1,0.0906,155.917,4,0.971
278,7iXdGqqxKYfpC8sOtlHFuY,Michelle Simonal,The Happy Man,0.409,0.885,269000,0.364,0.00117,4,0.0779,-14.279,0,0.0504,109.999,4,0.662
279,28xiVJLGLwEHNFDzXKUIdY,"BossArt Ensemble,Marvin",Slave to Love,0.761,0.835,211191,0.378,0.162,2,0.0803,-13.51,0,0.0392,125.023,4,0.673
280,3WuXwwgwr9QrZH1Smg1WHZ,Corcovado Frequency,Tequila Sunrise,0.791,0.825,149250,0.232,0.525,11,0.106,-16.519,1,0.0402,104.991,4,0.496
281,4yzg6ey4VQQdWixgaaJYZ2,"Scubba,Ituana",In My Place,0.167,0.713,202373,0.471,0.609,8,0.175,-10.121,1,0.0378,141.989,4,0.662
282,5zawYf7jpkg2gREjEFGvwR,Jazzystics,Addicted to You,0.483,0.613,159750,0.254,0.0,9,0.127,-14.291,0,0.0327,136.01,4,0.285
283,0Jvu83fp3rfTl4sX02sJRF,Nikki Ocean,Perfect Strangers,0.712,0.723,207667,0.184,1.46e-06,10,0.109,-18.314,1,0.195,95.098,4,0.568
284,4bM2Yv7etnmQu01Yv0ueSv,"Spanish Flow,Acoustic System",I Got You (I Feel Good),0.49,0.821,109153,0.43,0.226,10,0.11,-10.779,0,0.117,150.027,4,0.587
285,4UHPXoemnRxMC8iF5TSPEs,Lizette,Missing You,0.306,0.696,209500,0.25,0.0,6,0.0896,-10.355,1,0.0272,85.0,4,0.365
286,6fvsszuxnH6DNYaDJwffKt,Lila Frascara,Nothing Compares 2 U,0.653,0.595,164884,0.336,0.0463,9,0.309,-12.191,1,0.0518,110.906,4,0.238
287,7tyLbz4NZRDkLwdXQBvap7,Urselle,Blue Monday,0.556,0.854,166934,0.317,0.207,6,0.247,-10.663,0,0.0512,109.042,4,0.771
288,7cM5FXCq88BH04QZRsC5ai,Francoise Sanders,"Hold on, We're Going Home",0.461,0.711,157750,0.402,0.0124,5,0.332,-13.886,1,0.0276,107.977,4,0.707
289,5UffJ6fz0ikQ0ze8bqRyHQ,Eve St. Jones,Everywhere,0.714,0.8,181000,0.302,0.00309,1,0.112,-10.92,1,0.0357,99.962,4,0.168
290,2MxMgCTzxnTwvjTiUILKn5,The Reggister's,I Can't Tell You Why,0.79,0.742,144135,0.475,0.0604,11,0.108,-10.842,0,0.0372,177.972,4,0.81
291,2k27fGyQBdgj6kx3mjUG0p,Sarah Menescal,Shout,0.478,0.592,244333,0.412,0.00324,0,0.11,-14.272,1,0.0403,85.496,4,0.419
292,5Muh4adRMJVh2jk6ivmAV7,"Stella Starlight Trio,Julie Benson",Cry Me a River,0.701,0.863,169423,0.436,0.54,11,0.105,-13.061,0,0.0536,128.041,4,0.475
293,0OxDkrlRhxOJUuWxRRuVH2,Lila Liu,Rent,0.847,0.917,159500,0.432,8.66e-05,9,0.195,-8.694,0,0.0421,115.027,4,0.756
294,7c72gHZPiafzGicFoWGCgM,Bristol Love,Good Thing,0.698,0.784,157750,0.462,0.146,2,0.0703,-8.673,1,0.0503,78.066,4,0.69
295,13r7H3DGlp34eGZRshv8nY,Pinky Dread,After the Love Has Gone,0.74,0.788,166268,0.613,1.33e-06,7,0.11,-7.096,1,0.0434,131.934,4,0.777
296,77ijMezKRPRjG4SfN8GZBK,"BossArt Ensemble,Marianne Pretty",The Lady in My Life,0.717,0.777,165000,0.499,0.562,9,0.154,-9.898,0,0.0467,146.007,4,0.602
